id_registro,maquina_id,nombre_maquina,area_planta,turno,fecha_hora_inicio_paro,fecha_hora_fin_paro,duracion_minutos_estimada,operario_reporta,motivo_paro_texto_libre,observaciones,_categoria_real_referencia
1,M-02,Dispersor 2,Molienda,Turno 3 (22-06h),23/06/2025 23.50,24/06/2025 00.05,15,J. Ramirez,falla mecanica,,Falla mecánica
2,M-08,Filtro prensa,Filtrado,Turno 1 (06-14h),31/05/2025 08:00,31/05/25 08:20,20,C. Gomez,falta insumo (solvente) leve,revisar en proximo mantto,Falta de materia prima
3,M-01,Dispersor 1,Molienda,Turno 3 (22-06h),2025-04-28 17:05,28/04/2025 18:35,90,N. Herrera,operario ausente,revisar en proximo mantto,Falta de personal / operario
4,M-04,Mezcladora 1,Mezclado,Turno 3 (22-06h),26/01/2025 12:20,26-01-2025 14:20,120,P. Alvarez,falla mecanica,se avisó a supervisor,Falla mecánica
5,M-05,Mezcladora 2,Mezclado,Turno 2 (14-22h),13/06/25 22:50,13-06-2025 23:20,30,J. Ramirez,n/a,,Otro / no especificado
6,M-08,Filtro prensa,Filtrado,Turno 2 (14-22h),12/04/2025 20.45,12-04-2025 21:05,20,F. Castro,lavado de tanque urgente,"reincidente, ya paso antes",Limpieza / sanitización
7,M-01,Dispersor 1,Molienda,Turno 3 (22-06h),29-01-2025 04:10,29/01/2025 05.40,90,S. Mendez,a usentismo turno noche,se resolvio en el momento,Falta de personal / operario
8,M-05,Mezcladora 2,Mezclado,Turno 3 (22-06h),2025-06-14 10:05,14/06/25 10:50,45,J. Ramirez,ESPERANDO INSTRUCCIONES,se avisó a supervisor,Espera de instrucciones / planificación
9,M-10,Etiquetadora,Envasado,Turno 2 (14-22h),20/02/25 04:30,20/02/2025 04.50,20,F. Castro,sin orden de produccion,"reincidente, ya paso antes",Espera de instrucciones / planificación
10,M-05,Mezcladora 2,Mezclado,Turno 1 (06-14h),2025-03-03 01:15,03/03/2025 05:15,240,A. Rojas,Falta de MP,requiere seguimiento,Falta de materia prima
11,M-04,Mezcladora 1,Mezclado,Turno 2 (14-22h),19/05/2025 23:15,20/05/25 00:00,45,P. Alvarez,reproceso por color no conforme urgente,requiere seguimiento,Problema de calidad / reproceso
12,M-04,Mezcladora 1,Mezclado,Turno 2 (14-22h),02/01/25 02:00,02/01/2025 02:30,30,P. Alvarez,cambio de color en linea A,,Cambio de formato / setup
13,M-08,Filtro prensa,Filtrado,Turno 3 (22-06h),15/04/2025 06:05,15/04/25 06:20,15,S. Mendez,ajustes previos al nuevo lote urgente,,Cambio de formato / setup
14,M-04,Mezcladora 1,Mezclado,Turno 2 (14-22h),18/02/2025 17.45,18/02/25 18:05,20,A. Rojas,"falta de mp, se esperó a bodega",,Falta de materia prima
15,M-02,Dispersor 2,Molienda,Turno 2 (14-22h),02/03/2025 05:40,02/03/25 07:40,120,S. Mendez,fa lla mecanica,,Falla mecánica
16,M-09,Tanque de tintometría,Tintometría,Turno 1 (06-14h),19-06-2025 22:45,2025-06-19 23:05,20,J. Ramirez,personal insuficiente,requiere seguimiento,Falta de personal / operario
17,M-03,Molino de bolas,Molienda,Turno 1 (06-14h),15/01/2025 16.05,15/01/2025 16:25,20,L. Fernandez,falta de materia prima,"reincidente, ya paso antes",Falta de materia prima
18,M-09,Tanque de tintometría,Tintometría,Turno 2 (14-22h),22-03-2025 08:15,2025-03-22 09:15,60,C. Gomez,otro,se avisó a supervisor,Otro / no especificado
19,M-02,Dispersor 2,Molienda,Turno 2 (14-22h),2025-05-18 06:50,2025-05-18 07:35,45,M. Torres,falla mecanica,revisar en proximo mantto,Falla mecánica
20,M-09,Tanque de tintometría,Tintometría,Turno 3 (22-06h),03/01/2025 21.50,03/01/2025 22:35,45,C. Gomez,reproceso por color no conforme,,Problema de calidad / reproceso
21,M-05,Mezcladora 2,Mezclado,Turno 1 (06-14h),10-05-2025 15:20,10/05/2025 15:30,10,R. Diaz,"problema electrico, se llamo a electricista",revisar en proximo mantto,Falla eléctrica
22,M-02,Dispersor 2,Molienda,Turno 2 (14-22h),26-06-2025 04:50,26-06-2025 05:00,10,C. Gomez,sin energia  en la linea,,Falla eléctrica
23,M-09,Tanque de tintometría,Tintometría,Turno 1 (06-14h),15-04-2025 19:10,2025-04-15 19:40,30,C. Gomez,esperando material del proveedor turno noche,,Falta de materia prima
24,M-01,Dispersor 1,Molienda,Turno 2 (14-22h),01-05-2025 07:15,01-05-2025 09:15,120,L. Fernandez,falta operario turno,,Falta de personal / operario
25,M-07,Envasadora línea B,Envasado,Turno 1 (06-14h),23/06/2025 17:30,23/06/2025 17:40,10,R. Diaz,lavado de tanque,se avisó a supervisor,Limpieza / sanitización
26,M-09,Tanque de tintometría,Tintometría,Turno 3 (22-06h),2025-01-30 12:15,30/01/2025 13:00,45,J. Ramirez,pendiente de detalle,requiere seguimiento,Otro / no especificado
27,M-02,Dispersor 2,Molienda,Turno 2 (14-22h),18/03/25 16:20,18-03-2025 17:50,90,R. Diaz,lubricacion general leve,,Mantenimiento preventivo
28,M-05,Mezcladora 2,Mezclado,Turno 3 (22-06h),15/03/25 06:40,15/03/2025 10.40,240,A. Rojas,se quemo un fusible,,Falla eléctrica
29,M-02,Dispersor 2,Molienda,Turno 3 (22-06h),02/03/2025 21:20,2025-03-02 21:50,30,J. Ramirez,se disparo el termico,se resolvio en el momento,Falla eléctrica
30,M-07,Envasadora línea B,Envasado,Turno 1 (06-14h),07/05/2025 12.15,07/05/2025 12:35,20,M. Torres,"se detecto defecto, se paro linea",,Problema de calidad / reproceso
31,M-03,Molino de bolas,Molienda,Turno 2 (14-22h),29/04/2025 21.50,30/04/2025 00.50,180,A. Rojas,producto fuera de especificacion,requiere seguimiento,Problema de calidad / reproceso
32,M-04,Mezcladora 1,Mezclado,Turno 2 (14-22h),13-06-2025 08:50,2025-06-13 10:50,120,M. Torres,parada por control de calidad,,Problema de calidad / reproceso
33,M-04,Mezcladora 1,Mezclado,Turno 2 (14-22h),17/01/2025 13.40,17/01/2025 14.40,60,J. Ramirez,revision de rutina turno noche,queda pendiente repuesto,Mantenimiento preventivo
34,M-07,Envasadora línea B,Envasado,Turno 2 (14-22h),18-04-2025 17:50,2025-04-18 21:50,240,R. Diaz,FALTA DE M.P.,,Falta de materia prima
35,M-09,Tanque de tintometría,Tintometría,Turno 2 (14-22h),07-01-2025 12:00,07/01/25 12:15,15,A. Rojas,sin operador disponible,se avisó a supervisor,Falta de personal / operario
36,M-07,Envasadora línea B,Envasado,Turno 3 (22-06h),06/03/2025 02:45,06/03/2025 02.55,10,P. Alvarez,seteo de linea,,Cambio de formato / setup
37,M-08,Filtro prensa,Filtrado,Turno 1 (06-14h),21-06-2025 03:15,21-06-2025 05:15,120,C. Gomez,no habia MP suficiente en linea A,,Falta de materia prima
38,M-07,Envasadora línea B,Envasado,Turno 3 (22-06h),12/04/2025 22.15,12/04/2025 22.30,15,L. Fernandez,"vibracion anormal, se detuvo por precaucion ver detalle abajo",se avisó a supervisor,Falla mecánica
39,M-06,Envasadora línea A,Envasado,Turno 3 (22-06h),18/01/25 16:30,18/01/25 16:40,10,M. Torres,"vibracion anormal, se detuvo por precaucion",revisar en proximo mantto,Falla mecánica
40,M-09,Tanque de tintometría,Tintometría,Turno 2 (14-22h),04/05/25 14:40,04-05-2025 18:40,240,L. Fernandez,cortocircuito en motor urgente,,Falla eléctrica
41,M-08,Filtro prensa,Filtrado,Turno 3 (22-06h),25-03-2025 05:45,25-03-2025 06:15,30,P. Alvarez,seteo de linea,"reincidente, ya paso antes",Cambio de formato / setup
42,M-07,Envasadora línea B,Envasado,Turno 2 (14-22h),2025-05-06 17:15,06/05/25 19:15,120,J. Ramirez,esperando instrucciones,,Espera de instrucciones / planificación
43,M-09,Tanque de tintometría,Tintometría,Turno 1 (06-14h),26/03/2025 11.45,26-03-2025 12:30,45,M. Torres,limpieza fin de turno,revisar en proximo mantto,Limpieza / sanitización
44,M-09,Tanque de tintometría,Tintometría,Turno 1 (06-14h),02-06-2025 09:05,02-06-2025 09:35,30,C. Gomez,falla en el tablero electrico (2da vez esta semana),requiere seguimiento,Falla eléctrica
45,M-08,Filtro prensa,Filtrado,Turno 2 (14-22h),27/01/2025 00:20,27/01/25 02:20,120,C. Gomez,falta de materia prima,se avisó a supervisor,Falta de materia prima
46,M-03,Molino de bolas,Molienda,Turno 1 (06-14h),08/02/2025 18.20,2025-02-08 18:35,15,S. Mendez,falla mecanica motor principal,"reincidente, ya paso antes",Falla mecánica
47,M-07,Envasadora línea B,Envasado,Turno 3 (22-06h),20/03/2025 18:00,20/03/2025 22:00,240,L. Fernandez,falta de mano de obra,se avisó a supervisor,Falta de personal / operario
48,M-10,Etiquetadora,Envasado,Turno 2 (14-22h),01/05/2025 09.00,01-05-2025 09:30,30,A. Rojas,falla en el tablero electrico en linea A,,Falla eléctrica
49,M-03,Molino de bolas,Molienda,Turno 1 (06-14h),19/01/25 01:10,19/01/2025 01.55,45,N. Herrera,cambio de envase turno noche,se resolvio en el momento,Cambio de formato / setup
50,M-02,Dispersor 2,Molienda,Turno 3 (22-06h),03/06/2025 01:40,03/06/2025 02.40,60,M. Torres,limpieza entre lotes,"reincidente, ya paso antes",Limpieza / sanitización
51,M-05,Mezcladora 2,Mezclado,Turno 1 (06-14h),16-02-2025 18:40,16/02/2025 20:40,120,S. Mendez,limpieza fin de turno turno noche,,Limpieza / sanitización
52,M-09,Tanque de tintometría,Tintometría,Turno 3 (22-06h),10/01/2025 14.05,10-01-2025 15:05,60,S. Mendez,falta de mano de obra,,Falta de personal / operario
53,M-08,Filtro prensa,Filtrado,Turno 1 (06-14h),14/01/2025 06:20,2025-01-14 09:20,180,A. Rojas,"se detecto defecto, se paro linea urgente",se resolvio en el momento,Problema de calidad / reproceso
54,M-07,Envasadora línea B,Envasado,Turno 3 (22-06h),24-01-2025 07:05,24/01/2025 09:05,120,C. Gomez,sin motivo especifica do,se avisó a supervisor,Otro / no especificado
55,M-07,Envasadora línea B,Envasado,Turno 2 (14-22h),18/02/2025 19:50,18/02/2025 20:10,20,S. Mendez,falta de mano de obra,requiere seguimiento,Falta de personal / operario
56,M-03,Molino de bolas,Molienda,Turno 1 (06-14h),2025-04-25 17:45,25-04-2025 18:45,60,F. Castro,limpieza CIP,revisar en proximo mantto,Limpieza / sanitización
57,M-07,Envasadora línea B,Envasado,Turno 2 (14-22h),09/04/2025 21:10,09/04/2025 23:10,120,N. Herrera,PENDIENTE DE DETALLE (2DA VEZ ESTA SEMANA),,Otro / no especificado
58,M-03,Molino de bolas,Molienda,Turno 2 (14-22h),20-01-2025 15:20,20/01/2025 16.20,60,M. Torres,pendiente de instruccion de supervisor turno noche,requiere seguimiento,Espera de instrucciones / planificación
59,M-05,Mezcladora 2,Mezclado,Turno 1 (06-14h),28/02/2025 23:05,01/03/2025 00:35,90,M. Torres,reproceso por color no conforme en linea A,se avisó a supervisor,Problema de calidad / reproceso
60,M-09,Tanque de tintometría,Tintometría,Turno 2 (14-22h),16/04/2025 18.10,2025-04-16 18:30,20,S. Mendez,mantenimiento preventivo programado,,Mantenimiento preventivo
61,M-01,Dispersor 1,Molienda,Turno 3 (22-06h),30/04/25 09:50,30/04/2025 10:10,20,P. Alvarez,falla en el tablero electrico,se avisó a supervisor,Falla eléctrica
62,M-08,Filtro prensa,Filtrado,Turno 2 (14-22h),28/01/2025 07:40,28-01-2025 11:40,240,,lavado equipo,queda pendiente repuesto,Limpieza / sanitización
63,M-05,Mezcladora 2,Mezclado,Turno 2 (14-22h),28/02/25 19:30,2025-02-28 20:00,30,C. Gomez,otro,,Otro / no especificado
64,M-06,Envasadora línea A,Envasado,Turno 1 (06-14h),17-04-2025 05:15,17/04/2025 05.35,20,P. Alvarez,FALTA DE M.P.,se avisó a supervisor,Falta de materia prima
65,M-02,Dispersor 2,Molienda,Turno 1 (06-14h),06/02/25 07:40,06-02-2025 10:40,180,,reproceso ph,requiere seguimiento,Problema de calidad / reproceso
66,M-02,Dispersor 2,Molienda,Turno 1 (06-14h),22/06/2025 07:45,22/06/2025 07.55,10,F. Castro,mantenimiento planificado,"reincidente, ya paso antes",Mantenimiento preventivo
67,M-01,Dispersor 1,Molienda,Turno 3 (22-06h),19/03/2025 15.05,2025-03-19 15:20,15,C. Gomez,REPROCESO PH,revisar en proximo mantto,Problema de calidad / reproceso
68,M-02,Dispersor 2,Molienda,Turno 2 (14-22h),06/05/2025 19:40,06/05/2025 20:25,45,L. Fernandez,cambio de turno demorado,,Falta de personal / operario
69,M-05,Mezcladora 2,Mezclado,Turno 2 (14-22h),2025-02-18 03:45,2025-02-18 04:00,15,N. Herrera,revision de rutina ,,Mantenimiento preventivo
70,M-04,Mezcladora 1,Mezclado,Turno 1 (06-14h),26/03/2025 04:00,2025-03-26 04:45,45,F. Castro,se quemo un fusible urgente,,Falla eléctrica
71,M-01,Dispersor 1,Molienda,Turno 3 (22-06h),14/02/2025 08.00,14/02/25 08:20,20,M. Torres,falla electrica,revisar en proximo mantto,Falla eléctrica
72,M-09,Tanque de tintometría,Tintometría,Turno 3 (22-06h),19/03/25 14:00,19/03/25 14:10,10,S. Mendez,roda miento dañado,se resolvio en el momento,Falla mecánica
73,M-10,Etiquetadora,Envasado,Turno 3 (22-06h),12/06/25 18:50,12/06/25 19:50,60,F. Castro,ROTURA DE RODAMIENTO,requiere seguimiento,Falla mecánica
74,M-04,Mezcladora 1,Mezclado,Turno 2 (14-22h),21/04/25 14:15,21-04-2025 15:45,90,S. Mendez,rotura de rodamiento,,Falla mecánica
75,M-02,Dispersor 2,Molienda,Turno 1 (06-14h),24/01/2025 02.05,24/01/2025 03:35,90,P. Alvarez,mantenimiento planificado,requiere seguimiento,Mantenimiento preventivo
76,M-07,Envasadora línea B,Envasado,Turno 1 (06-14h),14/01/2025 09:20,14/01/2025 10:20,60,L. Fernandez,ESPERA DE APROBACION DE LABORATORIO,se resolvio en el momento,Espera de instrucciones / planificación
77,M-07,Envasadora línea B,Envasado,Turno 3 (22-06h),24-05-2025 19:50,24/05/2025 20.00,10,,revision de rutina,se avisó a supervisor,Mantenimiento preventivo
78,M-03,Molino de bolas,Molienda,Turno 2 (14-22h),12-06-2025 00:05,2025-06-12 03:05,180,A. Rojas,chequeo preventivo mensual turno noche,revisar en proximo mantto,Mantenimiento preventivo
79,M-01,Dispersor 1,Molienda,Turno 3 (22-06h),22/06/2025 02:20,22/06/25 04:20,120,A. Rojas,no indicado por operario en linea A,,Otro / no especificado
80,M-05,Mezcladora 2,Mezclado,Turno 2 (14-22h),12-01-2025 07:40,,240,R. Diaz,lubricacion general leve,,Mantenimiento preventivo
81,M-09,Tanque de tintometría,Tintometría,Turno 1 (06-14h),30-06-2025 07:50,30-06-2025 10:50,180,J. Ramirez,mantto preventivo leve,se resolvio en el momento,Mantenimiento preventivo
82,M-02,Dispersor 2,Molienda,Turno 1 (06-14h),14/04/25 00:30,14/04/2025 00.50,20,P. Alvarez,pendiente de detalle,,Otro / no especificado
83,M-06,Envasadora línea A,Envasado,Turno 2 (14-22h),2025-02-26 10:10,26/02/2025 10.25,15,F. Castro,pendiente de detalle,revisar en proximo mantto,Otro / no especificado
84,M-02,Dispersor 2,Molienda,Turno 3 (22-06h),15/02/2025 20.45,15/02/2025 22.45,120,A. Rojas,setup cambio de producto turno noche,"reincidente, ya paso antes",Cambio de formato / setup
85,M-05,Mezcladora 2,Mezclado,Turno 2 (14-22h),01/06/2025 01:30,01/06/2025 04:30,180,A. Rojas,chequeo preventivo mensual en linea A,revisar en proximo mantto,Mantenimiento preventivo
86,M-01,Dispersor 1,Molienda,Turno 1 (06-14h),26-04-2025 18:15,26/04/2025 19.15,60,C. Gomez,"vibracion anormal, se detuvo por precaucion",se resolvio en el momento,Falla mecánica
87,M-08,Filtro prensa,Filtrado,Turno 3 (22-06h),15/05/2025 16.10,15-05-2025 17:10,60,S. Mendez,CORREA CORTADA,revisar en proximo mantto,Falla mecánica
88,M-05,Mezcladora 2,Mezclado,Turno 3 (22-06h),18/06/25 19:10,18/06/2025 20:10,60,C. Gomez,esperando material del proveedor en linea A,se avisó a supervisor,Falta de materia prima
89,M-06,Envasadora línea A,Envasado,Turno 1 (06-14h),02-02-2025 21:50,02/02/25 22:05,15,J. Ramirez,SE QUEMO UN FUSIBLE,,Falla eléctrica
90,M-02,Dispersor 2,Molienda,Turno 1 (06-14h),2025-05-10 17:50,10-05-2025 18:00,10,N. Herrera,"lote no cumple especificacion, se detiene turno noche",queda pendiente repuesto,Problema de calidad / reproceso
91,M-07,Envasadora línea B,Envasado,Turno 2 (14-22h),04/04/25 21:15,04/04/2025 23.15,120,A. Rojas,se quemo un fusible,,Falla eléctrica
92,M-05,Mezcladora 2,Mezclado,Turno 1 (06-14h),08/04/25 16:50,2025-04-08 18:20,90,N. Herrera,preparacion de maquina,se avisó a supervisor,Cambio de formato / setup
93,M-02,Dispersor 2,Molienda,Turno 1 (06-14h),14/03/25 02:10,14/03/25 02:55,45,C. Gomez,revision de rutina,,Mantenimiento preventivo
94,M-07,Envasadora línea B,Envasado,Turno 1 (06-14h),21-01-2025 11:15,21-01-2025 11:25,10,P. Alvarez,mantenimiento preventivo programado,,Mantenimiento preventivo
95,M-02,Dispersor 2,Molienda,Turno 2 (14-22h),2025-01-05 08:15,05/01/2025 08.35,20,N. Herrera,parada por control de calidad,,Problema de calidad / reproceso
96,M-02,Dispersor 2,Molienda,Turno 3 (22-06h),29-01-2025 15:50,29/01/2025 16.00,10,C. Gomez,lavado de tanque (2da vez esta semana),,Limpieza / sanitización
97,M-06,Envasadora línea A,Envasado,Turno 3 (22-06h),18/01/25 16:50,18/01/2025 19.50,180,S. Mendez,ca mbio de boquilla,,Cambio de formato / setup
98,M-04,Mezcladora 1,Mezclado,Turno 3 (22-06h),18/06/25 20:05,19-06-2025 00:05,240,P. Alvarez,ma ntenimiento planificado,,Mantenimiento preventivo
99,M-08,Filtro prensa,Filtrado,Turno 2 (14-22h),10/01/2025 09.15,2025-01-10 09:25,10,P. Alvarez,PARADA POR CONTROL DE CALIDAD,requiere seguimiento,Problema de calidad / reproceso
100,M-01,Dispersor 1,Molienda,Turno 2 (14-22h),2025-06-17 10:20,17-06-2025 10:35,15,S. Mendez,reproceso ph leve,queda pendiente repuesto,Problema de calidad / reproceso
101,M-02,Dispersor 2,Molienda,Turno 3 (22-06h),19-04-2025 02:40,2025-04-19 06:40,240,P. Alvarez,correccion de formula,revisar en proximo mantto,Problema de calidad / reproceso
102,M-06,Envasadora línea A,Envasado,Turno 2 (14-22h),25/04/2025 01.30,25/04/25 05:30,240,J. Ramirez,lavado equipo,queda pendiente repuesto,Limpieza / sanitización
103,M-03,Molino de bolas,Molienda,Turno 2 (14-22h),18-01-2025 07:30,18/01/25 08:30,60,J. Ramirez,falla electrica urgente,se resolvio en el momento,Falla eléctrica
104,M-05,Mezcladora 2,Mezclado,Turno 3 (22-06h),05/03/25 03:00,05/03/25 03:20,20,F. Castro,reproceso por viscosidad,se avisó a supervisor,Problema de calidad / reproceso
105,M-02,Dispersor 2,Molienda,Turno 3 (22-06h),04/02/2025 02.45,04/02/25 03:05,20,P. Alvarez,cambio de boquilla,,Cambio de formato / setup
106,M-03,Molino de bolas,Molienda,Turno 2 (14-22h),03/04/2025 16.15,2025-04-03 16:30,15,L. Fernandez,limpieza CIP,,Limpieza / sanitización
107,M-02,Dispersor 2,Molienda,Turno 1 (06-14h),17-01-2025 09:40,17/01/2025 11.40,120,S. Mendez,motivo no registrado,,Otro / no especificado
108,M-09,Tanque de tintometría,Tintometría,Turno 1 (06-14h),13-06-2025 18:10,13/06/25 18:30,20,J. Ramirez,rodamiento dañado,requiere seguimiento,Falla mecánica
109,M-09,Tanque de tintometría,Tintometría,Turno 3 (22-06h),2025-03-14 02:20,14/03/2025 02.50,30,R. Diaz,corte de energia,,Falla eléctrica
110,M-06,Envasadora línea A,Envasado,Turno 3 (22-06h),25/05/25 01:00,25/05/2025 01:15,15,N. Herrera,no indicado por operario leve,,Otro / no especificado
111,M-05,Mezcladora 2,Mezclado,Turno 2 (14-22h),04/05/25 07:40,04/05/25 08:25,45,J. Ramirez,otro,queda pendiente repuesto,Otro / no especificado
112,M-06,Envasadora línea A,Envasado,Turno 2 (14-22h),2025-04-13 04:30,13/04/2025 07.30,180,L. Fernandez,preparacion de maquina,se avisó a supervisor,Cambio de formato / setup
113,M-03,Molino de bolas,Molienda,Turno 2 (14-22h),25/03/2025 18:30,2025-03-25 19:00,30,F. Castro,se disparo el termico (2da vez esta semana),se avisó a supervisor,Falla eléctrica
114,M-06,Envasadora línea A,Envasado,Turno 1 (06-14h),13/01/25 01:20,13/01/2025 03.20,120,A. Rojas,falla mecanica motor principal,,Falla mecánica
115,M-07,Envasadora línea B,Envasado,Turno 3 (22-06h),14-01-2025 18:50,14-01-2025 19:20,30,M. Torres,"problema electrico, se llamo a electricista",se resolvio en el momento,Falla eléctrica
116,M-06,Envasadora línea A,Envasado,Turno 1 (06-14h),23-05-2025 11:10,23/05/2025 11.40,30,F. Castro,no indicado por operario en linea A,,Otro / no especificado
117,M-06,Envasadora línea A,Envasado,Turno 3 (22-06h),06/06/2025 10.10,06/06/2025 11.40,90,R. Diaz,reproceso por color no conforme,requiere seguimiento,Problema de calidad / reproceso
118,M-02,Dispersor 2,Molienda,Turno 3 (22-06h),17/04/25 18:20,17/04/2025 18.30,10,N. Herrera,falla de calidad detectada por supervisor,,Problema de calidad / reproceso
119,M-03,Molino de bolas,Molienda,Turno 2 (14-22h),2025-06-24 07:00,24/06/2025 11:00,240,A. Rojas,Falla elect. panel control,,Falla eléctrica
120,M-01,Dispersor 1,Molienda,Turno 1 (06-14h),30/06/25 04:50,30/06/2025 05.20,30,A. Rojas,operario en otra tarea,revisar en proximo mantto,Falta de personal / operario
121,M-05,Mezcladora 2,Mezclado,Turno 2 (14-22h),2025-06-06 15:15,06-06-2025 15:45,30,L. Fernandez,sin programa de produccion,se avisó a supervisor,Espera de instrucciones / planificación
122,M-05,Mezcladora 2,Mezclado,Turno 3 (22-06h),15/03/2025 03:50,15/03/25 05:20,90,C. Gomez,fuera de rango de calidad,se avisó a supervisor,Problema de calidad / reproceso
123,M-09,Tanque de tintometría,Tintometría,Turno 3 (22-06h),11/03/2025 17.20,11/03/2025 17:40,20,N. Herrera,mtto preventivo segun plan,,Mantenimiento preventivo
124,M-03,Molino de bolas,Molienda,Turno 2 (14-22h),02-01-2025 17:10,02/01/25 18:40,90,L. Fernandez,cambio de color (2da vez esta semana),se avisó a supervisor,Cambio de formato / setup
125,M-01,Dispersor 1,Molienda,Turno 1 (06-14h),14/02/2025 13:10,14/02/25 13:20,10,C. Gomez,Falta de MP,se avisó a supervisor,Falta de materia prima
126,M-08,Filtro prensa,Filtrado,Turno 2 (14-22h),2025-06-14 17:50,2025-06-14 19:50,120,A. Rojas,limpieza fin de turno,,Limpieza / sanitización
127,M-05,Mezcladora 2,Mezclado,Turno 2 (14-22h),26/05/2025 21:15,26/05/2025 21.35,20,S. Mendez,REPROCESO PH,requiere seguimiento,Problema de calidad / reproceso
128,M-01,Dispersor 1,Molienda,Turno 1 (06-14h),08-03-2025 12:15,08-03-2025 14:15,120,R. Diaz,operario ausente turno noche,"reincidente, ya paso antes",Falta de personal / operario
129,M-09,Tanque de tintometría,Tintometría,Turno 1 (06-14h),30/06/25 09:05,30-06-2025 09:50,45,L. Fernandez,cambio de aceite programado en linea A,se resolvio en el momento,Mantenimiento preventivo
130,M-09,Tanque de tintometría,Tintometría,Turno 3 (22-06h),20/06/2025 06:15,20/06/2025 10:15,240,F. Castro,motivo no registrado,,Otro / no especificado
131,M-03,Molino de bolas,Molienda,Turno 2 (14-22h),25/03/2025 16:45,2025-03-25 17:00,15,A. Rojas,falta insumo (solvente),requiere seguimiento,Falta de materia prima
132,M-08,Filtro prensa,Filtrado,Turno 2 (14-22h),22-06-2025 09:00,22-06-2025 10:30,90,L. Fernandez,pa rada por control de calidad,,Problema de calidad / reproceso
133,M-08,Filtro prensa,Filtrado,Turno 2 (14-22h),09/01/25 09:40,2025-01-09 10:00,20,S. Mendez,correa  cortada,queda pendiente repuesto,Falla mecánica
134,M-06,Envasadora línea A,Envasado,Turno 2 (14-22h),31/01/25 05:50,31/01/2025 07.20,90,L. Fernandez,operario ausente,,Falta de personal / operario
135,M-06,Envasadora línea A,Envasado,Turno 1 (06-14h),2025-02-09 08:15,09/02/2025 08:30,15,S. Mendez,"detenido, esperando definicion",,Espera de instrucciones / planificación
136,M-01,Dispersor 1,Molienda,Turno 1 (06-14h),04/03/2025 23.00,05/03/25 00:30,90,L. Fernandez,rotura de rodamiento,,Falla mecánica
137,M-10,Etiquetadora,Envasado,Turno 2 (14-22h),22/06/2025 10:15,2025-06-22 11:00,45,F. Castro,parada por limpieza,se avisó a supervisor,Limpieza / sanitización
138,M-07,Envasadora línea B,Envasado,Turno 1 (06-14h),23-05-2025 15:00,23/05/25 16:00,60,P. Alvarez,sin instrucciones claras del turno anterior,queda pendiente repuesto,Espera de instrucciones / planificación
139,M-05,Mezcladora 2,Mezclado,Turno 1 (06-14h),06-02-2025 14:00,06/02/25 17:00,180,F. Castro,sin operador disponible,queda pendiente repuesto,Falta de personal / operario
140,M-02,Dispersor 2,Molienda,Turno 1 (06-14h),18/05/2025 23.15,18-05-2025 23:25,10,N. Herrera,preparacion de maquina,,Cambio de formato / setup
141,M-01,Dispersor 1,Molienda,Turno 3 (22-06h),24-02-2025 06:05,2025-02-24 08:05,120,L. Fernandez,parada por reprogramacion,,Espera de instrucciones / planificación
142,M-06,Envasadora línea A,Envasado,Turno 2 (14-22h),12/05/25 15:45,12/05/25 16:00,15,P. Alvarez,limpieza entre lotes,revisar en proximo mantto,Limpieza / sanitización
143,M-09,Tanque de tintometría,Tintometría,Turno 2 (14-22h),30/05/2025 18.40,2025-05-30 19:25,45,L. Fernandez,Fa lta de M.P.,,Falta de materia prima
144,M-08,Filtro prensa,Filtrado,Turno 3 (22-06h),28/04/2025 05:30,2025-04-28 05:50,20,A. Rojas,mantenimiento planificado,requiere seguimiento,Mantenimiento preventivo
145,M-01,Dispersor 1,Molienda,Turno 2 (14-22h),02/01/2025 13:10,02/01/2025 13:40,30,J. Ramirez,ESPERANDO INSTRUCCIONES,se resolvio en el momento,Espera de instrucciones / planificación
146,M-09,Tanque de tintometría,Tintometría,Turno 3 (22-06h),22/05/25 13:00,22/05/2025 13.10,10,F. Castro,no indica do por operario,,Otro / no especificado
147,M-10,Etiquetadora,Envasado,Turno 3 (22-06h),2025-05-15 08:30,15/05/25 09:15,45,S. Mendez,se disparo el termico,,Falla eléctrica
148,M-02,Dispersor 2,Molienda,Turno 2 (14-22h),14/04/25 12:40,14/04/25 15:40,180,J. Ramirez,lavado de tanque,,Limpieza / sanitización
149,M-01,Dispersor 1,Molienda,Turno 3 (22-06h),28/02/2025 06:45,28/02/2025 07:30,45,R. Diaz,cambio de filtros programado,"reincidente, ya paso antes",Mantenimiento preventivo
150,M-07,Envasadora línea B,Envasado,Turno 2 (14-22h),20/01/25 09:10,2025-01-20 13:10,240,S. Mendez,fluctuacion de voltaje turno noche,requiere seguimiento,Falla eléctrica
151,M-07,Envasadora línea B,Envasado,Turno 1 (06-14h),01-03-2025 02:30,01/03/2025 06.30,240,S. Mendez,se dispa ro el termico,revisar en proximo mantto,Falla eléctrica
152,M-10,Etiquetadora,Envasado,Turno 2 (14-22h),2025-06-19 12:05,19-06-2025 16:05,240,M. Torres,correccion de formula urgente,,Problema de calidad / reproceso
153,M-08,Filtro prensa,Filtrado,Turno 2 (14-22h),03/04/2025 08:05,03/04/2025 08:25,20,A. Rojas,AUSENTISMO,requiere seguimiento,Falta de personal / operario
154,M-06,Envasadora línea A,Envasado,Turno 3 (22-06h),09/04/2025 00.20,09/04/25 01:50,90,F. Castro,FALTA DE MP,,Falta de materia prima
155,M-02,Dispersor 2,Molienda,Turno 3 (22-06h),12/02/25 13:20,12-02-2025 14:50,90,M. Torres,cortocircuito en motor ver detalle abajo,,Falla eléctrica
156,M-07,Envasadora línea B,Envasado,Turno 3 (22-06h),2025-03-27 19:40,27/03/25 20:40,60,N. Herrera,NO INDICADO POR OPERARIO EN LINEA A,revisar en proximo mantto,Otro / no especificado
157,M-08,Filtro prensa,Filtrado,Turno 1 (06-14h),28/05/2025 07.30,28-05-2025 09:00,90,S. Mendez,fuera de rango de calidad (2da vez esta semana),"reincidente, ya paso antes",Problema de calidad / reproceso
158,M-08,Filtro prensa,Filtrado,Turno 2 (14-22h),2025-02-23 14:20,23/02/25 14:35,15,C. Gomez,a la espera de planificacion,,Espera de instrucciones / planificación
159,M-09,Tanque de tintometría,Tintometría,Turno 1 (06-14h),2025-06-27 13:50,27-06-2025 14:00,10,F. Castro,no vino el operario asignado urgente,,Falta de personal / operario
160,M-07,Envasadora línea B,Envasado,Turno 3 (22-06h),26/03/2025 13.05,26/03/2025 13:15,10,F. Castro,REVISION PERIODICA,requiere seguimiento,Mantenimiento preventivo
161,M-09,Tanque de tintometría,Tintometría,Turno 2 (14-22h),08-02-2025 11:00,08/02/2025 13:00,120,M. Torres,seteo de linea,,Cambio de formato / setup
162,M-02,Dispersor 2,Molienda,Turno 3 (22-06h),23/04/2025 23:45,24/04/2025 00:45,60,,mtto preventivo segun plan,revisar en proximo mantto,Mantenimiento preventivo
163,M-07,Envasadora línea B,Envasado,Turno 1 (06-14h),29/04/25 07:40,2025-04-29 08:00,20,S. Mendez,falla en el tablero electrico,"reincidente, ya paso antes",Falla eléctrica
164,M-02,Dispersor 2,Molienda,Turno 3 (22-06h),28-05-2025 03:50,28-05-2025 04:10,20,A. Rojas,pendiente de detalle,se resolvio en el momento,Otro / no especificado
165,M-08,Filtro prensa,Filtrado,Turno 2 (14-22h),08/06/2025 05:20,08/06/2025 09.20,240,C. Gomez,pendiente de detalle,,Otro / no especificado
166,M-03,Molino de bolas,Molienda,Turno 2 (14-22h),2025-05-28 12:40,28/05/25 13:00,20,C. Gomez,fluctuacion de voltaje,se resolvio en el momento,Falla eléctrica
167,M-01,Dispersor 1,Molienda,Turno 2 (14-22h),05/05/25 04:15,05/05/2025 05.45,90,A. Rojas,fluctuacion de voltaje,se resolvio en el momento,Falla eléctrica
168,M-01,Dispersor 1,Molienda,Turno 3 (22-06h),12/03/2025 07.50,2025-03-12 08:35,45,N. Herrera,parada por control de calidad en linea A,se resolvio en el momento,Problema de calidad / reproceso
169,M-01,Dispersor 1,Molienda,Turno 2 (14-22h),23-04-2025 17:15,23/04/2025 18:45,90,L. Fernandez,"vibracion anormal, se detuvo por precaucion urgente",,Falla mecánica
170,M-04,Mezcladora 1,Mezclado,Turno 1 (06-14h),23/02/2025 23.30,24/02/25 03:30,240,C. Gomez,mantto preventivo,,Mantenimiento preventivo
171,M-05,Mezcladora 2,Mezclado,Turno 3 (22-06h),2025-03-16 18:20,16/03/2025 21:20,180,S. Mendez,revision de rutina,se avisó a supervisor,Mantenimiento preventivo
172,M-07,Envasadora línea B,Envasado,Turno 3 (22-06h),06-05-2025 04:20,06/05/25 05:50,90,M. Torres,falla en el tablero electrico ver detalle abajo,se avisó a supervisor,Falla eléctrica
173,M-02,Dispersor 2,Molienda,Turno 2 (14-22h),28-04-2025 20:30,28/04/2025 20.45,15,S. Mendez,CORRECCION DE FORMULA,se resolvio en el momento,Problema de calidad / reproceso
174,M-06,Envasadora línea A,Envasado,Turno 2 (14-22h),2025-06-24 01:00,,15,C. Gomez,ASEO DE LINEA,,Limpieza / sanitización
175,M-02,Dispersor 2,Molienda,Turno 3 (22-06h),06/04/2025 21:10,06/04/25 21:20,10,L. Fernandez,"PROBLEMA ELECTRICO, SE LLAMO A ELECTRICISTA VER DETALLE ABAJO",,Falla eléctrica
176,M-08,Filtro prensa,Filtrado,Turno 1 (06-14h),03/01/2025 00:30,03/01/25 00:45,15,A. Rojas,NO HABIA MP SUFICIENTE,queda pendiente repuesto,Falta de materia prima
177,M-03,Molino de bolas,Molienda,Turno 2 (14-22h),2025-06-14 21:10,14/06/2025 21.25,15,N. Herrera,"pieza rota, se llamo a mantto",se resolvio en el momento,Falla mecánica
178,M-02,Dispersor 2,Molienda,Turno 1 (06-14h),05/02/2025 03.40,05/02/25 04:40,60,C. Gomez,cortocircuito en motor,,Falla eléctrica
179,M-01,Dispersor 1,Molienda,Turno 1 (06-14h),18/06/25 09:15,18/06/2025 12.15,180,S. Mendez,no indicado por operario,,Otro / no especificado
180,M-01,Dispersor 1,Molienda,Turno 1 (06-14h),03/04/2025 10:10,03/04/2025 11.40,90,F. Castro,operario ausente leve,se resolvio en el momento,Falta de personal / operario
181,M-07,Envasadora línea B,Envasado,Turno 3 (22-06h),2025-05-10 09:50,10/05/25 11:20,90,M. Torres,VARIOS TURNO NOCHE,requiere seguimiento,Otro / no especificado
182,M-03,Molino de bolas,Molienda,Turno 1 (06-14h),2025-05-18 10:40,18/05/2025 14:40,240,S. Mendez,lavado de tanque,,Limpieza / sanitización
183,M-03,Molino de bolas,Molienda,Turno 1 (06-14h),31-01-2025 00:10,2025-01-31 00:20,10,P. Alvarez,falla mecanica motor principal urgente,se avisó a supervisor,Falla mecánica
184,M-06,Envasadora línea A,Envasado,Turno 2 (14-22h),20/04/2025 08.50,20-04-2025 09:05,15,N. Herrera,"PROBLEMA ELECTRICO, SE LLAMO A ELECTRICISTA",se resolvio en el momento,Falla eléctrica
185,M-05,Mezcladora 2,Mezclado,Turno 2 (14-22h),27/01/25 18:05,,30,J. Ramirez,mantenimiento preventivo programado,se resolvio en el momento,Mantenimiento preventivo
186,M-07,Envasadora línea B,Envasado,Turno 3 (22-06h),27/02/2025 10:15,27-02-2025 11:45,90,M. Torres,corte de energia,,Falla eléctrica
187,M-02,Dispersor 2,Molienda,Turno 3 (22-06h),30-04-2025 09:20,30/04/2025 10:20,60,J. Ramirez,falla en el tablero electrico,se avisó a supervisor,Falla eléctrica
188,M-04,Mezcladora 1,Mezclado,Turno 2 (14-22h),20/05/2025 07:10,,10,F. Castro,sin motivo especificado,,Otro / no especificado
189,M-01,Dispersor 1,Molienda,Turno 2 (14-22h),06/02/2025 22:20,06/02/2025 22:35,15,F. Castro,personal insuficiente urgente,revisar en proximo mantto,Falta de personal / operario
190,M-10,Etiquetadora,Envasado,Turno 3 (22-06h),26-05-2025 01:40,2025-05-26 02:00,20,P. Alvarez,varios,queda pendiente repuesto,Otro / no especificado
191,M-10,Etiquetadora,Envasado,Turno 1 (06-14h),28/01/25 04:05,28/01/25 04:25,20,S. Mendez,MTTO PREVENTIVO SEGUN PLAN,revisar en proximo mantto,Mantenimiento preventivo
192,M-05,Mezcladora 2,Mezclado,Turno 3 (22-06h),30/06/2025 22:00,30-06-2025 22:30,30,L. Fernandez,LAVADO EQUIPO,queda pendiente repuesto,Limpieza / sanitización
193,M-08,Filtro prensa,Filtrado,Turno 1 (06-14h),2025-05-23 23:50,24/05/2025 00:20,30,C. Gomez,limpieza CIP,,Limpieza / sanitización
194,M-10,Etiquetadora,Envasado,Turno 2 (14-22h),31/05/2025 08:05,31/05/2025 08:15,10,A. Rojas,cambio de envase,,Cambio de formato / setup
195,M-08,Filtro prensa,Filtrado,Turno 1 (06-14h),08/01/2025 12:40,08-01-2025 13:00,20,C. Gomez,no llegó la resina a tiempo urgente,se resolvio en el momento,Falta de materia prima
196,M-09,Tanque de tintometría,Tintometría,Turno 1 (06-14h),03/05/2025 01.05,03/05/25 01:50,45,L. Fernandez,no indicado por operario,requiere seguimiento,Otro / no especificado
197,M-08,Filtro prensa,Filtrado,Turno 1 (06-14h),30-03-2025 18:50,30/03/25 19:50,60,J. Ramirez,"falta de mp, se esperó a bodega",,Falta de materia prima
198,M-03,Molino de bolas,Molienda,Turno 3 (22-06h),26/01/25 07:15,26/01/2025 08.00,45,J. Ramirez,no llegó la resina a tiempo,,Falta de materia prima
199,M-06,Envasadora línea A,Envasado,Turno 3 (22-06h),01-06-2025 00:30,01/06/2025 04.30,240,L. Fernandez,revision periodica urgente,se resolvio en el momento,Mantenimiento preventivo
200,M-09,Tanque de tintometría,Tintometría,Turno 1 (06-14h),03/05/2025 00:30,2025-05-03 04:30,240,P. Alvarez,sin energia en la linea en linea A,revisar en proximo mantto,Falla eléctrica
201,M-09,Tanque de tintometría,Tintometría,Turno 3 (22-06h),04/04/25 02:30,04/04/2025 04.00,90,R. Diaz,SE QUEMO UN FUSIBLE,,Falla eléctrica
202,M-06,Envasadora línea A,Envasado,Turno 3 (22-06h),27/02/2025 21.10,27-02-2025 22:40,90,R. Diaz,fuera de rango de calidad urgente,,Problema de calidad / reproceso
203,M-10,Etiquetadora,Envasado,Turno 1 (06-14h),26/02/2025 20:05,2025-02-26 22:05,120,M. Torres,cambio de turno demorado urgente,revisar en proximo mantto,Falta de personal / operario
204,M-05,Mezcladora 2,Mezclado,Turno 2 (14-22h),28/01/25 23:00,28/01/25 23:10,10,S. Mendez,mtto preventivo segun pla n turno noche,queda pendiente repuesto,Mantenimiento preventivo
205,M-10,Etiquetadora,Envasado,Turno 2 (14-22h),16/06/2025 21:15,16/06/25 21:35,20,J. Ramirez,revision de rutina,revisar en proximo mantto,Mantenimiento preventivo
206,M-02,Dispersor 2,Molienda,Turno 1 (06-14h),28/03/2025 19:45,28/03/25 19:55,10,C. Gomez,"pieza  rota, se llamo a mantto (2da vez esta semana)",queda pendiente repuesto,Falla mecánica
207,M-09,Tanque de tintometría,Tintometría,Turno 1 (06-14h),09/03/2025 21:20,2025-03-09 22:05,45,S. Mendez,"pieza rota, se llamo a mantto turno noche",se resolvio en el momento,Falla mecánica
208,M-10,Etiquetadora,Envasado,Turno 1 (06-14h),03-05-2025 06:05,2025-05-03 06:15,10,R. Diaz,mantenimiento preventivo programado,se resolvio en el momento,Mantenimiento preventivo
209,M-09,Tanque de tintometría,Tintometría,Turno 2 (14-22h),2025-04-10 05:30,10-04-2025 07:00,90,J. Ramirez,fa lta de mano de obra,se resolvio en el momento,Falta de personal / operario
210,M-06,Envasadora línea A,Envasado,Turno 3 (22-06h),19/05/25 13:15,19/05/2025 16:15,180,F. Castro,limpieza  fin de turno leve,requiere seguimiento,Limpieza / sanitización
211,M-01,Dispersor 1,Molienda,Turno 1 (06-14h),2025-05-09 18:50,09/05/2025 22.50,240,A. Rojas,SIN MOTIVO ESPECIFICADO,,Otro / no especificado
212,M-03,Molino de bolas,Molienda,Turno 3 (22-06h),02/06/25 08:30,02/06/2025 08:45,15,S. Mendez,falla electrica,se avisó a supervisor,Falla eléctrica
213,M-03,Molino de bolas,Molienda,Turno 2 (14-22h),07-02-2025 18:05,07/02/2025 18.20,15,R. Diaz,Falta de M.P.,revisar en proximo mantto,Falta de materia prima
214,M-07,Envasadora línea B,Envasado,Turno 3 (22-06h),06/02/25 19:40,06/02/25 19:50,10,P. Alvarez,falta de mano de obra,,Falta de personal / operario
215,M-02,Dispersor 2,Molienda,Turno 1 (06-14h),28/02/25 04:20,28-02-2025 06:20,120,S. Mendez,aseo de linea ver detalle abajo,,Limpieza / sanitización
216,M-01,Dispersor 1,Molienda,Turno 1 (06-14h),2025-05-12 05:05,12/05/2025 05.50,45,F. Castro,cambio de envase,,Cambio de formato / setup
217,M-04,Mezcladora 1,Mezclado,Turno 2 (14-22h),12/03/25 11:45,12/03/25 14:45,180,M. Torres,CAMBIO DE FORMATO (2DA VEZ ESTA SEMANA),,Cambio de formato / setup
218,M-03,Molino de bolas,Molienda,Turno 1 (06-14h),2025-03-08 23:05,08/03/2025 23:50,45,C. Gomez,- (2da vez esta semana),,Otro / no especificado
219,M-01,Dispersor 1,Molienda,Turno 3 (22-06h),02-05-2025 04:10,02/05/2025 08:10,240,N. Herrera,limpieza para cambio de formato,se avisó a supervisor,Cambio de formato / setup
220,M-05,Mezcladora 2,Mezclado,Turno 3 (22-06h),23-06-2025 16:40,,240,P. Alvarez,no vino el operario asignado,"reincidente, ya paso antes",Falta de personal / operario
221,M-06,Envasadora línea A,Envasado,Turno 2 (14-22h),12-03-2025 08:20,2025-03-12 08:50,30,L. Fernandez,lavado de tanque,"reincidente, ya paso antes",Limpieza / sanitización
222,M-07,Envasadora línea B,Envasado,Turno 3 (22-06h),14/04/2025 12.00,14/04/2025 16.00,240,P. Alvarez,falla electrica,,Falla eléctrica
223,M-09,Tanque de tintometría,Tintometría,Turno 3 (22-06h),16-02-2025 09:05,2025-02-16 11:05,120,F. Castro,fuera de rango de calidad,,Problema de calidad / reproceso
224,M-06,Envasadora línea A,Envasado,Turno 1 (06-14h),06/04/25 08:20,06/04/2025 10:20,120,N. Herrera,falla mecánica en el eje,"reincidente, ya paso antes",Falla mecánica
225,M-01,Dispersor 1,Molienda,Turno 1 (06-14h),08/02/25 04:15,08/02/25 05:15,60,A. Rojas,ajustes previos al nuevo lote leve,,Cambio de formato / setup
226,M-04,Mezcladora 1,Mezclado,Turno 2 (14-22h),13/02/25 18:10,13/02/2025 20:10,120,S. Mendez,REVISION PERIODICA,queda pendiente repuesto,Mantenimiento preventivo
227,M-06,Envasadora línea A,Envasado,Turno 2 (14-22h),16/05/2025 06.00,2025-05-16 06:10,10,P. Alvarez,falta de personal turno noche,,Falta de personal / operario
228,M-09,Tanque de tintometría,Tintometría,Turno 1 (06-14h),02/06/25 16:30,2025-06-02 18:00,90,A. Rojas,ver observaciones en linea A,,Otro / no especificado
229,M-09,Tanque de tintometría,Tintometría,Turno 1 (06-14h),13/02/2025 03.30,13/02/25 03:40,10,R. Diaz,no ha bia MP suficiente turno noche,"reincidente, ya paso antes",Falta de materia prima
230,M-07,Envasadora línea B,Envasado,Turno 2 (14-22h),24/04/25 12:05,24-04-2025 15:05,180,C. Gomez,FALTA DE MP,,Falta de materia prima
231,M-02,Dispersor 2,Molienda,Turno 2 (14-22h),11/05/2025 23.05,11/05/2025 23:50,45,A. Rojas,correa cortada,,Falla mecánica
232,M-08,Filtro prensa,Filtrado,Turno 3 (22-06h),23/02/25 22:45,,60,M. Torres,prepa racion de maquina,"reincidente, ya paso antes",Cambio de formato / setup
233,M-05,Mezcladora 2,Mezclado,Turno 2 (14-22h),14-06-2025 07:45,14-06-2025 08:30,45,M. Torres,SE DISPARO EL TERMICO,,Falla eléctrica
234,M-01,Dispersor 1,Molienda,Turno 2 (14-22h),03-01-2025 04:10,03-01-2025 05:10,60,N. Herrera,LUBRICACION GENERAL,,Mantenimiento preventivo
235,M-07,Envasadora línea B,Envasado,Turno 1 (06-14h),26/06/25 15:40,26/06/2025 16:00,20,J. Ramirez,se disparo el termico,,Falla eléctrica
236,M-07,Envasadora línea B,Envasado,Turno 1 (06-14h),02/04/2025 19:00,02/04/25 19:20,20,M. Torres,-,se resolvio en el momento,Otro / no especificado
237,M-10,Etiquetadora,Envasado,Turno 2 (14-22h),27-02-2025 21:30,28/02/2025 00.30,180,N. Herrera,aseo de linea leve,,Limpieza / sanitización
238,M-01,Dispersor 1,Molienda,Turno 2 (14-22h),2025-01-03 20:10,03/01/25 23:10,180,C. Gomez,sin operador disponible,se resolvio en el momento,Falta de personal / operario
239,M-04,Mezcladora 1,Mezclado,Turno 2 (14-22h),21/01/2025 14:45,21/01/25 18:45,240,A. Rojas,mantenimiento planificado turno noche,,Mantenimiento preventivo
240,M-02,Dispersor 2,Molienda,Turno 1 (06-14h),2025-06-04 19:20,04/06/2025 22.20,180,A. Rojas,fa lla mecanica motor principal,revisar en proximo mantto,Falla mecánica
241,M-06,Envasadora línea A,Envasado,Turno 3 (22-06h),26/04/2025 03:05,26/04/2025 03:35,30,R. Diaz,fuera de rango de calidad,revisar en proximo mantto,Problema de calidad / reproceso
242,M-07,Envasadora línea B,Envasado,Turno 3 (22-06h),28-01-2025 08:15,28/01/2025 08:45,30,S. Mendez,FALTA MP resina,,Falta de materia prima
243,M-08,Filtro prensa,Filtrado,Turno 3 (22-06h),28/04/25 21:50,,20,J. Ramirez,falla mecanica motor principal leve,queda pendiente repuesto,Falla mecánica
244,M-02,Dispersor 2,Molienda,Turno 2 (14-22h),10/04/25 21:30,11/04/25 00:30,180,N. Herrera,a la espera de planificacion,,Espera de instrucciones / planificación
245,M-09,Tanque de tintometría,Tintometría,Turno 3 (22-06h),18-03-2025 22:50,18/03/2025 23.50,60,L. Fernandez,MANTENIMIENTO PLANIFICADO,se avisó a supervisor,Mantenimiento preventivo
246,M-02,Dispersor 2,Molienda,Turno 2 (14-22h),01/04/25 17:45,01/04/2025 21.45,240,S. Mendez,corte de energia,requiere seguimiento,Falla eléctrica
247,M-04,Mezcladora 1,Mezclado,Turno 1 (06-14h),10-03-2025 05:20,2025-03-10 06:05,45,R. Diaz,FALTA INSUMO (SOLVENTE) (2DA VEZ ESTA SEMANA),requiere seguimiento,Falta de materia prima
248,M-04,Mezcladora 1,Mezclado,Turno 2 (14-22h),15/06/25 17:40,15/06/2025 18.10,30,R. Diaz,reproceso por viscosidad,,Problema de calidad / reproceso
249,M-04,Mezcladora 1,Mezclado,Turno 2 (14-22h),08/06/25 14:15,08/06/2025 15.15,60,N. Herrera,AUSENTISMO,,Falta de personal / operario
250,M-01,Dispersor 1,Molienda,Turno 3 (22-06h),2025-04-20 08:50,2025-04-20 09:35,45,,se disparo el termico turno noche,se resolvio en el momento,Falla eléctrica
251,M-10,Etiquetadora,Envasado,Turno 3 (22-06h),19/06/2025 09:45,19/06/2025 13.45,240,P. Alvarez,FALTA MP resina,,Falta de materia prima
252,M-04,Mezcladora 1,Mezclado,Turno 3 (22-06h),24/02/2025 21:30,24-02-2025 22:30,60,N. Herrera,a  la espera de planificacion,requiere seguimiento,Espera de instrucciones / planificación
253,M-10,Etiquetadora,Envasado,Turno 3 (22-06h),04-03-2025 01:30,04/03/2025 03:00,90,F. Castro,"pieza rota, se llamo a mantto",,Falla mecánica
254,M-04,Mezcladora 1,Mezclado,Turno 1 (06-14h),2025-03-24 16:05,2025-03-24 16:20,15,F. Castro,ESPERA DE APROBACION DE LABORATORIO,,Espera de instrucciones / planificación
255,M-07,Envasadora línea B,Envasado,Turno 1 (06-14h),15-06-2025 02:10,15/06/25 02:20,10,J. Ramirez,operario ausente leve,,Falta de personal / operario
256,M-07,Envasadora línea B,Envasado,Turno 1 (06-14h),26/04/2025 20.40,,90,M. Torres,sin orden de produccion,"reincidente, ya paso antes",Espera de instrucciones / planificación
257,M-05,Mezcladora 2,Mezclado,Turno 1 (06-14h),2025-06-05 02:20,05/06/25 04:20,120,J. Ramirez,Falta de MP,requiere seguimiento,Falta de materia prima
258,M-06,Envasadora línea A,Envasado,Turno 3 (22-06h),03/01/2025 17:50,03/01/2025 18:10,20,N. Herrera,operario en otra tarea,requiere seguimiento,Falta de personal / operario
259,M-07,Envasadora línea B,Envasado,Turno 3 (22-06h),15/06/2025 16.10,2025-06-15 16:30,20,R. Diaz,parada por limpieza,,Limpieza / sanitización
260,M-02,Dispersor 2,Molienda,Turno 1 (06-14h),06-03-2025 03:15,06/03/25 07:15,240,P. Alvarez,falta insumo (solvente),,Falta de materia prima
261,M-10,Etiquetadora,Envasado,Turno 1 (06-14h),18-06-2025 09:10,18/06/2025 13.10,240,P. Alvarez,varios,,Otro / no especificado
262,M-06,Envasadora línea A,Envasado,Turno 1 (06-14h),04/02/2025 21.30,04/02/25 23:30,120,R. Diaz,cambio de color,,Cambio de formato / setup
263,M-05,Mezcladora 2,Mezclado,Turno 1 (06-14h),10/06/2025 02:05,10/06/2025 02.15,10,N. Herrera,FUGA DE ACEITE HIDRAULICO,"reincidente, ya paso antes",Falla mecánica
264,M-03,Molino de bolas,Molienda,Turno 2 (14-22h),04/04/2025 12.15,04-04-2025 16:15,240,F. Castro,esperando aprobacion de formula,queda pendiente repuesto,Espera de instrucciones / planificación
265,M-03,Molino de bolas,Molienda,Turno 3 (22-06h),12/05/25 04:45,2025-05-12 05:05,20,N. Herrera,no habia MP suficiente,,Falta de materia prima
266,M-04,Mezcladora 1,Mezclado,Turno 3 (22-06h),11-01-2025 21:15,12-01-2025 00:15,180,A. Rojas,mantenimiento preventivo programado (2da vez esta semana),,Mantenimiento preventivo
267,M-10,Etiquetadora,Envasado,Turno 1 (06-14h),20/05/2025 18.10,20/05/25 19:40,90,M. Torres,correa cortada,queda pendiente repuesto,Falla mecánica
268,M-10,Etiquetadora,Envasado,Turno 1 (06-14h),2025-01-02 16:10,2025-01-02 18:10,120,F. Castro,ausentismo,,Falta de personal / operario
269,M-07,Envasadora línea B,Envasado,Turno 1 (06-14h),2025-03-26 23:05,27/03/25 01:05,120,N. Herrera,fluctuacion de voltaje,queda pendiente repuesto,Falla eléctrica
270,M-01,Dispersor 1,Molienda,Turno 3 (22-06h),27/05/2025 04:00,27-05-2025 04:20,20,F. Castro,FALTA MP resina,"reincidente, ya paso antes",Falta de materia prima
271,M-03,Molino de bolas,Molienda,Turno 2 (14-22h),26/02/2025 13.10,2025-02-26 17:10,240,F. Castro,lavado de tanque urgente,revisar en proximo mantto,Limpieza / sanitización
272,M-09,Tanque de tintometría,Tintometría,Turno 1 (06-14h),10/05/2025 21.40,10/05/2025 22.00,20,A. Rojas,VARIOS (2DA VEZ ESTA SEMANA),"reincidente, ya paso antes",Otro / no especificado
273,M-01,Dispersor 1,Molienda,Turno 1 (06-14h),23/06/25 20:40,23/06/25 23:40,180,J. Ramirez,SIN ORDEN DE PRODUCCION LEVE,queda pendiente repuesto,Espera de instrucciones / planificación
274,M-10,Etiquetadora,Envasado,Turno 2 (14-22h),26-01-2025 13:10,26/01/25 13:55,45,M. Torres,ausentismo,requiere seguimiento,Falta de personal / operario
275,M-02,Dispersor 2,Molienda,Turno 2 (14-22h),14-05-2025 00:40,14-05-2025 01:10,30,M. Torres,cambio de formato,"reincidente, ya paso antes",Cambio de formato / setup
276,M-07,Envasadora línea B,Envasado,Turno 2 (14-22h),22/02/2025 13.50,22/02/25 16:50,180,F. Castro,"detenido, esperando definicion",se avisó a supervisor,Espera de instrucciones / planificación
277,M-04,Mezcladora 1,Mezclado,Turno 3 (22-06h),25/04/2025 22:10,2025-04-25 22:25,15,P. Alvarez,lubricacion general,"reincidente, ya paso antes",Mantenimiento preventivo
278,M-03,Molino de bolas,Molienda,Turno 3 (22-06h),01/05/25 19:40,01/05/2025 19:55,15,P. Alvarez,CORTOCIRCUITO EN MOTOR,,Falla eléctrica
279,M-01,Dispersor 1,Molienda,Turno 3 (22-06h),14/02/2025 20.45,14/02/2025 22:45,120,F. Castro,cambio de turno demorado,,Falta de personal / operario
280,M-01,Dispersor 1,Molienda,Turno 1 (06-14h),10/02/2025 02:20,10-02-2025 03:50,90,S. Mendez,parada por reprogramacion,requiere seguimiento,Espera de instrucciones / planificación
281,M-06,Envasadora línea A,Envasado,Turno 1 (06-14h),30/03/25 08:15,2025-03-30 12:15,240,S. Mendez,correa cortada,se avisó a supervisor,Falla mecánica
282,M-02,Dispersor 2,Molienda,Turno 2 (14-22h),12/05/25 08:50,12-05-2025 12:50,240,S. Mendez,sin orden de produccion,,Espera de instrucciones / planificación
283,M-07,Envasadora línea B,Envasado,Turno 1 (06-14h),12-06-2025 07:15,12/06/25 08:15,60,F. Castro,falla de calidad detectada por supervisor,se avisó a supervisor,Problema de calidad / reproceso
284,M-03,Molino de bolas,Molienda,Turno 1 (06-14h),2025-05-02 10:30,02/05/2025 11.00,30,L. Fernandez,fa lla mecanica motor principal,,Falla mecánica
285,M-02,Dispersor 2,Molienda,Turno 2 (14-22h),31/01/2025 02.45,31/01/2025 06:45,240,F. Castro,parada por limpieza turno noche,se resolvio en el momento,Limpieza / sanitización
286,M-05,Mezcladora 2,Mezclado,Turno 2 (14-22h),06/05/25 05:50,06/05/25 06:35,45,N. Herrera,mtto preventivo segun plan,requiere seguimiento,Mantenimiento preventivo
287,M-03,Molino de bolas,Molienda,Turno 3 (22-06h),28/04/2025 03:50,28-04-2025 05:50,120,J. Ramirez,esperando instrucciones,queda pendiente repuesto,Espera de instrucciones / planificación
288,M-04,Mezcladora 1,Mezclado,Turno 2 (14-22h),10/03/25 15:30,2025-03-10 16:30,60,L. Fernandez,chequeo preventivo mensual,revisar en proximo mantto,Mantenimiento preventivo
289,M-02,Dispersor 2,Molienda,Turno 1 (06-14h),11/03/25 07:50,11/03/25 09:20,90,C. Gomez,lavado equipo turno noche,,Limpieza / sanitización
290,M-06,Envasadora línea A,Envasado,Turno 1 (06-14h),05-05-2025 09:20,05/05/2025 12.20,180,M. Torres,parada por control de calidad,,Problema de calidad / reproceso
291,M-09,Tanque de tintometría,Tintometría,Turno 3 (22-06h),23/05/2025 08.30,23/05/25 08:40,10,N. Herrera,reproceso por viscosidad,"reincidente, ya paso antes",Problema de calidad / reproceso
292,M-08,Filtro prensa,Filtrado,Turno 3 (22-06h),21/01/25 12:20,2025-01-21 14:20,120,P. Alvarez,"problema electrico, se llamo a electricista","reincidente, ya paso antes",Falla eléctrica
293,M-05,Mezcladora 2,Mezclado,Turno 2 (14-22h),04/06/25 20:40,04/06/25 21:25,45,P. Alvarez,rotura de rodamiento turno noche,requiere seguimiento,Falla mecánica
294,M-05,Mezcladora 2,Mezclado,Turno 3 (22-06h),29/06/2025 23:05,2025-06-29 23:35,30,M. Torres,CORTE DE ENERGIA,se resolvio en el momento,Falla eléctrica
295,M-10,Etiquetadora,Envasado,Turno 1 (06-14h),09/02/2025 02.40,2025-02-09 03:25,45,R. Diaz,"falta de mp, se esperó a bodega",,Falta de materia prima
296,M-08,Filtro prensa,Filtrado,Turno 2 (14-22h),30/04/2025 17.20,30/04/25 20:20,180,F. Castro,falla electrica ver detalle abajo,"reincidente, ya paso antes",Falla eléctrica
297,M-08,Filtro prensa,Filtrado,Turno 1 (06-14h),19/05/2025 07.05,19-05-2025 09:05,120,R. Diaz,operario en otra tarea,,Falta de personal / operario
298,M-08,Filtro prensa,Filtrado,Turno 2 (14-22h),03/05/2025 09.00,03-05-2025 10:30,90,J. Ramirez,fluctuacion de voltaje,,Falla eléctrica
299,M-07,Envasadora línea B,Envasado,Turno 2 (14-22h),26/02/2025 08.05,2025-02-26 09:35,90,N. Herrera,no vino el operario asignado leve,se avisó a supervisor,Falta de personal / operario
300,M-08,Filtro prensa,Filtrado,Turno 1 (06-14h),2025-06-08 14:20,08/06/25 18:20,240,J. Ramirez,limpieza entre lotes en linea A,requiere seguimiento,Limpieza / sanitización
301,M-04,Mezcladora 1,Mezclado,Turno 2 (14-22h),24/01/25 04:00,2025-01-24 06:00,120,R. Diaz,Fuga de aceite hidraulico,se resolvio en el momento,Falla mecánica
302,M-02,Dispersor 2,Molienda,Turno 2 (14-22h),20/05/25 15:10,20-05-2025 15:40,30,J. Ramirez,ESPERANDO MATERIAL DEL PROVEEDOR TURNO NOCHE,,Falta de materia prima
303,M-04,Mezcladora 1,Mezclado,Turno 3 (22-06h),02/05/2025 12:20,2025-05-02 13:20,60,J. Ramirez,cambio de formato leve,requiere seguimiento,Cambio de formato / setup
304,M-04,Mezcladora 1,Mezclado,Turno 1 (06-14h),29/01/2025 07:40,29/01/2025 08:40,60,R. Diaz,lavado equipo,queda pendiente repuesto,Limpieza / sanitización
305,M-06,Envasadora línea A,Envasado,Turno 1 (06-14h),23-01-2025 07:10,23/01/2025 09:10,120,P. Alvarez,Falta de M.P.,,Falta de materia prima
306,M-09,Tanque de tintometría,Tintometría,Turno 1 (06-14h),15/06/25 11:45,15/06/2025 12:15,30,P. Alvarez,FALLA ELECT. PANEL CONTROL,se avisó a supervisor,Falla eléctrica
307,M-03,Molino de bolas,Molienda,Turno 1 (06-14h),20/05/2025 11:30,20-05-2025 13:30,120,N. Herrera,reproceso por color no conforme,requiere seguimiento,Problema de calidad / reproceso
308,M-08,Filtro prensa,Filtrado,Turno 1 (06-14h),01-01-2025 20:50,2025-01-01 22:20,90,N. Herrera,a la espera de planificacion,"reincidente, ya paso antes",Espera de instrucciones / planificación
309,M-09,Tanque de tintometría,Tintometría,Turno 1 (06-14h),2025-02-09 19:20,09/02/25 20:20,60,M. Torres,correa cortada,,Falla mecánica
310,M-07,Envasadora línea B,Envasado,Turno 1 (06-14h),2025-06-18 15:50,18/06/2025 19.50,240,P. Alvarez,fa lla electrica (2da vez esta semana),,Falla eléctrica
311,M-07,Envasadora línea B,Envasado,Turno 1 (06-14h),05/04/2025 22.00,06-04-2025 02:00,240,M. Torres,reproceso por viscosidad,,Problema de calidad / reproceso
312,M-09,Tanque de tintometría,Tintometría,Turno 2 (14-22h),18/06/25 07:10,18/06/2025 10.10,180,M. Torres,rotura de rodamiento,"reincidente, ya paso antes",Falla mecánica
313,M-03,Molino de bolas,Molienda,Turno 3 (22-06h),17/05/25 19:45,17-05-2025 20:45,60,P. Alvarez,operario ausente turno noche,queda pendiente repuesto,Falta de personal / operario
314,M-05,Mezcladora 2,Mezclado,Turno 1 (06-14h),03-04-2025 14:45,03/04/2025 16:15,90,R. Diaz,cambio de filtros programado urgente,requiere seguimiento,Mantenimiento preventivo
315,M-05,Mezcladora 2,Mezclado,Turno 1 (06-14h),22-05-2025 16:50,22/05/2025 20.50,240,J. Ramirez,sin insumo pigmento,,Falta de materia prima
316,M-07,Envasadora línea B,Envasado,Turno 3 (22-06h),26-05-2025 06:05,26/05/25 07:05,60,N. Herrera,ca mbio de filtros programado ver detalle abajo,,Mantenimiento preventivo
317,M-06,Envasadora línea A,Envasado,Turno 1 (06-14h),31-03-2025 13:40,2025-03-31 13:55,15,N. Herrera,Falta de M.P.,queda pendiente repuesto,Falta de materia prima
318,M-04,Mezcladora 1,Mezclado,Turno 2 (14-22h),2025-02-09 01:40,09/02/2025 03.40,120,M. Torres,esperando instrucciones,se avisó a supervisor,Espera de instrucciones / planificación
319,M-05,Mezcladora 2,Mezclado,Turno 2 (14-22h),22/01/2025 12.50,2025-01-22 14:20,90,A. Rojas,fluctuacion de voltaje urgente,se resolvio en el momento,Falla eléctrica
320,M-02,Dispersor 2,Molienda,Turno 1 (06-14h),10-03-2025 13:30,10/03/2025 17:30,240,S. Mendez,ajustes previos al nuevo lote,revisar en proximo mantto,Cambio de formato / setup
321,M-06,Envasadora línea A,Envasado,Turno 1 (06-14h),07/06/2025 14:10,07/06/2025 16:10,120,L. Fernandez,cambio de filtros programado,revisar en proximo mantto,Mantenimiento preventivo
322,M-05,Mezcladora 2,Mezclado,Turno 1 (06-14h),2025-01-04 10:05,04/01/25 10:50,45,P. Alvarez,falla mecanica urgente,requiere seguimiento,Falla mecánica
323,M-03,Molino de bolas,Molienda,Turno 1 (06-14h),27-06-2025 22:00,27/06/2025 23.30,90,F. Castro,espera de aprobacion de laboratorio,,Espera de instrucciones / planificación
324,M-02,Dispersor 2,Molienda,Turno 3 (22-06h),10/04/2025 21:20,,60,S. Mendez,cambio de boquilla,queda pendiente repuesto,Cambio de formato / setup
325,M-09,Tanque de tintometría,Tintometría,Turno 3 (22-06h),2025-04-28 17:00,2025-04-28 17:10,10,R. Diaz,mtto preventivo segun plan,queda pendiente repuesto,Mantenimiento preventivo
326,M-09,Tanque de tintometría,Tintometría,Turno 2 (14-22h),2025-03-12 01:20,12/03/2025 02:50,90,R. Diaz,esperando material del proveedor,revisar en proximo mantto,Falta de materia prima
327,M-04,Mezcladora 1,Mezclado,Turno 1 (06-14h),2025-04-17 07:10,17-04-2025 08:40,90,P. Alvarez,falla mecanica motor principal,,Falla mecánica
328,M-09,Tanque de tintometría,Tintometría,Turno 1 (06-14h),04-02-2025 13:10,2025-02-04 17:10,240,F. Castro,otros motivos,,Otro / no especificado
329,M-07,Envasadora línea B,Envasado,Turno 3 (22-06h),19-03-2025 14:20,2025-03-19 14:40,20,,falla electrica,"reincidente, ya paso antes",Falla eléctrica
330,M-01,Dispersor 1,Molienda,Turno 1 (06-14h),02/04/25 02:45,02/04/2025 03.05,20,A. Rojas,no indicado por operario,revisar en proximo mantto,Otro / no especificado
331,M-01,Dispersor 1,Molienda,Turno 3 (22-06h),11-03-2025 13:15,2025-03-11 13:45,30,A. Rojas,correccion de formula turno noche,se resolvio en el momento,Problema de calidad / reproceso
332,M-07,Envasadora línea B,Envasado,Turno 1 (06-14h),22/03/2025 12.50,22/03/2025 15:50,180,A. Rojas,"lote no cumple especificacion, se detiene",,Problema de calidad / reproceso
333,M-01,Dispersor 1,Molienda,Turno 2 (14-22h),18/02/2025 09.45,18-02-2025 11:15,90,R. Diaz,"DETENIDO, ESPERANDO DEFINICION",queda pendiente repuesto,Espera de instrucciones / planificación
334,M-02,Dispersor 2,Molienda,Turno 1 (06-14h),09/05/25 03:10,09/05/2025 07.10,240,S. Mendez,falta insumo (solvente),,Falta de materia prima
335,M-03,Molino de bolas,Molienda,Turno 3 (22-06h),2025-02-01 02:05,01-02-2025 04:05,120,S. Mendez,SIN MOTIVO ESPECIFICADO,requiere seguimiento,Otro / no especificado
336,M-10,Etiquetadora,Envasado,Turno 3 (22-06h),18/06/25 04:10,2025-06-18 04:30,20,J. Ramirez,operario en otra tarea,se avisó a supervisor,Falta de personal / operario
337,M-05,Mezcladora 2,Mezclado,Turno 1 (06-14h),04/01/2025 14.45,04/01/2025 16.45,120,N. Herrera,limpieza  de filtros turno noche,,Limpieza / sanitización
338,M-04,Mezcladora 1,Mezclado,Turno 1 (06-14h),21/05/2025 08:50,21/05/2025 09:20,30,J. Ramirez,CORRECCION DE FORMULA,,Problema de calidad / reproceso
339,M-07,Envasadora línea B,Envasado,Turno 3 (22-06h),15/02/2025 05.20,15/02/2025 09.20,240,F. Castro,no indica do por operario,se resolvio en el momento,Otro / no especificado
340,M-02,Dispersor 2,Molienda,Turno 3 (22-06h),2025-04-20 17:05,20/04/25 17:50,45,R. Diaz,mantenimiento preventivo programado ver detalle abajo,queda pendiente repuesto,Mantenimiento preventivo
341,M-02,Dispersor 2,Molienda,Turno 2 (14-22h),2025-05-04 23:20,05/05/2025 00.50,90,R. Diaz,cambio de boquilla urgente,"reincidente, ya paso antes",Cambio de formato / setup
342,M-03,Molino de bolas,Molienda,Turno 3 (22-06h),2025-06-06 07:20,06/06/2025 07:50,30,A. Rojas,no indicado por operario,,Otro / no especificado
343,M-04,Mezcladora 1,Mezclado,Turno 2 (14-22h),03/01/2025 20:15,03-01-2025 21:00,45,R. Diaz,pendiente de detalle,requiere seguimiento,Otro / no especificado
344,M-01,Dispersor 1,Molienda,Turno 1 (06-14h),14/02/25 06:30,14/02/25 07:30,60,J. Ramirez,"pieza rota, se llamo a mantto",se resolvio en el momento,Falla mecánica
345,M-01,Dispersor 1,Molienda,Turno 1 (06-14h),2025-05-14 09:30,,180,N. Herrera,sin programa de produccion,revisar en proximo mantto,Espera de instrucciones / planificación
346,M-03,Molino de bolas,Molienda,Turno 3 (22-06h),27/05/2025 19:40,27/05/2025 20.00,20,R. Diaz,limpieza programada,revisar en proximo mantto,Limpieza / sanitización
347,M-05,Mezcladora 2,Mezclado,Turno 2 (14-22h),25/02/2025 16.20,25/02/2025 16:40,20,J. Ramirez,limpieza entre lotes turno noche,,Limpieza / sanitización
348,M-08,Filtro prensa,Filtrado,Turno 1 (06-14h),15/05/2025 09:30,15/05/2025 09:50,20,F. Castro,no llegó la resina a tiempo,,Falta de materia prima
349,M-01,Dispersor 1,Molienda,Turno 1 (06-14h),25/06/2025 19.05,25/06/25 20:05,60,M. Torres,"se detecto defecto, se pa ro linea",se avisó a supervisor,Problema de calidad / reproceso
350,M-06,Envasadora línea A,Envasado,Turno 3 (22-06h),23/04/2025 21.05,2025-04-23 21:50,45,,parada por limpieza,"reincidente, ya paso antes",Limpieza / sanitización
351,M-05,Mezcladora 2,Mezclado,Turno 1 (06-14h),27/05/2025 07:10,27-05-2025 07:25,15,P. Alvarez,falla mecánica en el eje,,Falla mecánica
352,M-10,Etiquetadora,Envasado,Turno 1 (06-14h),01/06/25 20:45,02-06-2025 00:45,240,L. Fernandez,PRODUCTO FUERA DE ESPECIFICACION EN LINEA A,requiere seguimiento,Problema de calidad / reproceso
353,M-08,Filtro prensa,Filtrado,Turno 2 (14-22h),01/05/25 07:15,01/05/2025 07.35,20,P. Alvarez,n/a leve,revisar en proximo mantto,Otro / no especificado
354,M-03,Molino de bolas,Molienda,Turno 2 (14-22h),14/03/2025 11.10,14/03/2025 14:10,180,M. Torres,producto fuera de especificacion en linea A,,Problema de calidad / reproceso
355,M-03,Molino de bolas,Molienda,Turno 3 (22-06h),04-05-2025 12:05,2025-05-04 13:05,60,N. Herrera,"se detecto defecto, se paro linea",queda pendiente repuesto,Problema de calidad / reproceso
356,M-10,Etiquetadora,Envasado,Turno 1 (06-14h),05/05/2025 03.45,05/05/2025 04.45,60,A. Rojas,PARADA POR REPROGRAMACION LEVE,queda pendiente repuesto,Espera de instrucciones / planificación
357,M-01,Dispersor 1,Molienda,Turno 2 (14-22h),24/01/2025 06.10,24/01/2025 10:10,240,C. Gomez,"vibracion anormal, se detuvo por precaucion",se avisó a supervisor,Falla mecánica
358,M-05,Mezcladora 2,Mezclado,Turno 2 (14-22h),22/04/2025 22:30,,15,F. Castro,- leve,,Otro / no especificado
359,M-06,Envasadora línea A,Envasado,Turno 2 (14-22h),29/01/25 09:00,29/01/25 09:30,30,S. Mendez,REVISION DE RUTINA,queda pendiente repuesto,Mantenimiento preventivo
360,M-07,Envasadora línea B,Envasado,Turno 3 (22-06h),03/04/25 13:10,2025-04-03 13:55,45,M. Torres,operario en otra tarea turno noche,,Falta de personal / operario
361,M-10,Etiquetadora,Envasado,Turno 1 (06-14h),19/04/25 19:10,19/04/2025 21.10,120,A. Rojas,sin operador disponible leve,,Falta de personal / operario
362,M-09,Tanque de tintometría,Tintometría,Turno 1 (06-14h),10/03/2025 13.50,,240,J. Ramirez,otro,revisar en proximo mantto,Otro / no especificado
363,M-05,Mezcladora 2,Mezclado,Turno 3 (22-06h),30/04/2025 16.05,30/04/2025 19.05,180,A. Rojas,reproceso por viscosidad leve,,Problema de calidad / reproceso
364,M-01,Dispersor 1,Molienda,Turno 2 (14-22h),2025-05-01 14:50,01/05/2025 16.50,120,S. Mendez,ver observaciones,se avisó a supervisor,Otro / no especificado
365,M-01,Dispersor 1,Molienda,Turno 1 (06-14h),11-06-2025 15:10,11/06/2025 19:10,240,R. Diaz,Falta de M.P.,"reincidente, ya paso antes",Falta de materia prima
366,M-03,Molino de bolas,Molienda,Turno 3 (22-06h),2025-06-07 08:20,07/06/2025 09:05,45,N. Herrera,reproceso por viscosidad en linea A,"reincidente, ya paso antes",Problema de calidad / reproceso
367,M-08,Filtro prensa,Filtrado,Turno 2 (14-22h),16/02/25 16:00,16/02/2025 17:00,60,N. Herrera,fuera de rango de calidad,,Problema de calidad / reproceso
368,M-10,Etiquetadora,Envasado,Turno 3 (22-06h),30/03/2025 01.20,30/03/2025 01:35,15,S. Mendez,falta operario turno,se resolvio en el momento,Falta de personal / operario
369,M-09,Tanque de tintometría,Tintometría,Turno 1 (06-14h),22/04/2025 00.20,22/04/25 02:20,120,F. Castro,cambio de envase,,Cambio de formato / setup
370,M-05,Mezcladora 2,Mezclado,Turno 1 (06-14h),10/03/2025 03.20,10/03/25 07:20,240,L. Fernandez,lubricacion general,"reincidente, ya paso antes",Mantenimiento preventivo
371,M-02,Dispersor 2,Molienda,Turno 2 (14-22h),2025-01-04 13:05,04/01/2025 16:05,180,P. Alvarez,REVISION PERIODICA,se avisó a supervisor,Mantenimiento preventivo
372,M-04,Mezcladora 1,Mezclado,Turno 1 (06-14h),03/06/2025 20:05,03/06/2025 20:20,15,C. Gomez,FALTA DE MATERIA PRIMA,"reincidente, ya paso antes",Falta de materia prima
373,M-08,Filtro prensa,Filtrado,Turno 2 (14-22h),12-03-2025 13:30,2025-03-12 14:15,45,R. Diaz,"problema  electrico, se llamo a electricista",queda pendiente repuesto,Falla eléctrica
374,M-08,Filtro prensa,Filtrado,Turno 3 (22-06h),21/02/2025 19:40,21/02/25 20:00,20,F. Castro,sin insumo pigmento,,Falta de materia prima
375,M-08,Filtro prensa,Filtrado,Turno 2 (14-22h),05/01/2025 15.10,05/01/2025 15:20,10,R. Diaz,REPROCESO PH EN LINEA A,revisar en proximo mantto,Problema de calidad / reproceso
376,M-07,Envasadora línea B,Envasado,Turno 2 (14-22h),18-01-2025 17:15,18/01/25 17:25,10,A. Rojas,falta insumo (solvente),requiere seguimiento,Falta de materia prima
377,M-06,Envasadora línea A,Envasado,Turno 3 (22-06h),21/01/25 14:20,2025-01-21 14:50,30,S. Mendez,LIMPIEZA ENTRE LOTES LEVE,se avisó a supervisor,Limpieza / sanitización
378,M-04,Mezcladora 1,Mezclado,Turno 3 (22-06h),05-02-2025 01:15,05/02/2025 01.25,10,S. Mendez,"pieza rota, se llamo a mantto",requiere seguimiento,Falla mecánica
379,M-01,Dispersor 1,Molienda,Turno 2 (14-22h),10/01/2025 10.00,10/01/2025 11:00,60,L. Fernandez,reproceso por color no conforme,requiere seguimiento,Problema de calidad / reproceso
380,M-01,Dispersor 1,Molienda,Turno 2 (14-22h),01/05/2025 19.00,,30,J. Ramirez,SE QUEMO UN FUSIBLE EN LINEA A,,Falla eléctrica
381,M-10,Etiquetadora,Envasado,Turno 3 (22-06h),2025-02-26 02:15,26-02-2025 03:45,90,S. Mendez,SE QUEMO UN FUSIBLE EN LINEA A,"reincidente, ya paso antes",Falla eléctrica
382,M-02,Dispersor 2,Molienda,Turno 1 (06-14h),2025-03-12 04:40,12-03-2025 05:00,20,A. Rojas,cambio de aceite programado,"reincidente, ya paso antes",Mantenimiento preventivo
383,M-02,Dispersor 2,Molienda,Turno 3 (22-06h),2025-01-02 00:10,02/01/2025 00.25,15,S. Mendez,"vibracion anormal, se detuvo por precaucion",se resolvio en el momento,Falla mecánica
384,M-03,Molino de bolas,Molienda,Turno 2 (14-22h),06/06/25 22:00,2025-06-07 02:00,240,N. Herrera,ajuste de maquina para nuevo lote,se avisó a supervisor,Cambio de formato / setup
385,M-10,Etiquetadora,Envasado,Turno 1 (06-14h),2025-04-03 17:50,03/04/25 18:20,30,L. Fernandez,falta insumo (solvente) en linea A,,Falta de materia prima
386,M-06,Envasadora línea A,Envasado,Turno 3 (22-06h),2025-03-14 06:40,14-03-2025 07:25,45,A. Rojas,correccion de formula  leve,,Problema de calidad / reproceso
387,M-08,Filtro prensa,Filtrado,Turno 2 (14-22h),2025-06-01 18:30,2025-06-01 20:00,90,P. Alvarez,FALLA ELECTRICA,,Falla eléctrica
388,M-04,Mezcladora 1,Mezclado,Turno 2 (14-22h),2025-01-19 15:45,19/01/25 15:55,10,N. Herrera,falla mecánica en el eje,queda pendiente repuesto,Falla mecánica
389,M-03,Molino de bolas,Molienda,Turno 2 (14-22h),2025-01-09 22:00,2025-01-09 22:45,45,A. Rojas,"lote no cumple especificacion, se detiene",,Problema de calidad / reproceso
390,M-10,Etiquetadora,Envasado,Turno 2 (14-22h),22/05/2025 07:05,22/05/2025 08.35,90,L. Fernandez,limpieza fin de turno leve,se resolvio en el momento,Limpieza / sanitización
391,M-10,Etiquetadora,Envasado,Turno 1 (06-14h),08/02/25 18:00,08/02/2025 19:30,90,A. Rojas,falta operario turno (2da vez esta semana),requiere seguimiento,Falta de personal / operario
392,M-08,Filtro prensa,Filtrado,Turno 2 (14-22h),07-05-2025 07:05,07/05/2025 10:05,180,S. Mendez,"detenido, esperando definicion",,Espera de instrucciones / planificación
393,M-10,Etiquetadora,Envasado,Turno 3 (22-06h),30/05/25 00:45,2025-05-30 02:45,120,S. Mendez,setup cambio de producto leve,revisar en proximo mantto,Cambio de formato / setup
394,M-05,Mezcladora 2,Mezclado,Turno 3 (22-06h),20/04/2025 08:50,2025-04-20 12:50,240,M. Torres,Falta de MP,revisar en proximo mantto,Falta de materia prima
395,M-10,Etiquetadora,Envasado,Turno 1 (06-14h),11-01-2025 11:30,11/01/2025 11.50,20,F. Castro,SIN PROGRAMA DE PRODUCCION,,Espera de instrucciones / planificación
396,M-04,Mezcladora 1,Mezclado,Turno 2 (14-22h),27/02/25 10:30,27/02/2025 11.15,45,R. Diaz,ajustes previos al nuevo lote (2da vez esta semana),revisar en proximo mantto,Cambio de formato / setup
397,M-09,Tanque de tintometría,Tintometría,Turno 1 (06-14h),16-03-2025 14:30,2025-03-16 14:45,15,A. Rojas,REPROCESO POR COLOR NO CONFORME,queda pendiente repuesto,Problema de calidad / reproceso
398,M-04,Mezcladora 1,Mezclado,Turno 2 (14-22h),14/05/25 20:00,14/05/25 20:45,45,F. Castro,rotura de rodamiento en linea A,se resolvio en el momento,Falla mecánica
399,M-04,Mezcladora 1,Mezclado,Turno 3 (22-06h),14/05/25 20:30,14/05/2025 22.00,90,P. Alvarez,PRODUCTO FUERA DE ESPECIFICACION,requiere seguimiento,Problema de calidad / reproceso
400,M-05,Mezcladora 2,Mezclado,Turno 3 (22-06h),2025-02-28 15:30,28/02/2025 16:15,45,R. Diaz,reproceso ph,,Problema de calidad / reproceso
