id_registro,maquina_id,nombre_maquina,area_planta,turno,fecha_hora_inicio_paro,fecha_hora_fin_paro,duracion_minutos_estimada,operario_reporta,motivo_paro_texto_libre,motivo_paro_id,motivo_estandarizado,categoria,metodo_mapeo,confianza_mapeo,observaciones,fecha_hora_inicio_paro_limpia,fecha_hora_fin_paro_limpia
1,M-02,Dispersor 2,Molienda,Turno 3 (22-06h),23/06/2025 23.50,24/06/2025 00.05,15,J. Ramirez,falla mecanica,1,Falla mecánica,Mecánico,keyword,1.0,,2025-06-23 23:50:00,2025-06-24 00:05:00
2,M-08,Filtro prensa,Filtrado,Turno 1 (06-14h),31/05/2025 08:00,31/05/25 08:20,20,C. Gomez,falta insumo (solvente) leve,3,Falta de materia prima,Insumos,keyword,1.0,revisar en proximo mantto,2025-05-31 08:00:00,2025-05-31 08:20:00
3,M-01,Dispersor 1,Molienda,Turno 3 (22-06h),2025-04-28 17:05,28/04/2025 18:35,90,N. Herrera,operario ausente,4,Falta de personal / operario,Personal,keyword,1.0,revisar en proximo mantto,2025-04-28 17:05:00,2025-04-28 18:35:00
4,M-04,Mezcladora 1,Mezclado,Turno 3 (22-06h),26/01/2025 12:20,26-01-2025 14:20,120,P. Alvarez,falla mecanica,1,Falla mecánica,Mecánico,keyword,1.0,se avisó a supervisor,2025-01-26 12:20:00,2025-01-26 14:20:00
5,M-05,Mezcladora 2,Mezclado,Turno 2 (14-22h),13/06/25 22:50,13-06-2025 23:20,30,J. Ramirez,,10,Otro / no especificado,Otro,vacio_o_generico,1.0,,2025-06-13 22:50:00,2025-06-13 23:20:00
6,M-08,Filtro prensa,Filtrado,Turno 2 (14-22h),12/04/2025 20.45,12-04-2025 21:05,20,F. Castro,lavado de tanque urgente,7,Limpieza / sanitización,Planificado,keyword,1.0,"reincidente, ya paso antes",2025-04-12 20:45:00,2025-04-12 21:05:00
7,M-01,Dispersor 1,Molienda,Turno 3 (22-06h),29-01-2025 04:10,29/01/2025 05.40,90,S. Mendez,a usentismo turno noche,4,Falta de personal / operario,Personal,keyword,1.0,se resolvio en el momento,2025-01-29 04:10:00,2025-01-29 05:40:00
8,M-05,Mezcladora 2,Mezclado,Turno 3 (22-06h),2025-06-14 10:05,14/06/25 10:50,45,J. Ramirez,ESPERANDO INSTRUCCIONES,9,Espera de instrucciones / planificación,Planificado,keyword,1.0,se avisó a supervisor,2025-06-14 10:05:00,2025-06-14 10:50:00
9,M-10,Etiquetadora,Envasado,Turno 2 (14-22h),20/02/25 04:30,20/02/2025 04.50,20,F. Castro,sin orden de produccion,9,Espera de instrucciones / planificación,Planificado,keyword,1.0,"reincidente, ya paso antes",2025-02-20 04:30:00,2025-02-20 04:50:00
10,M-05,Mezcladora 2,Mezclado,Turno 1 (06-14h),2025-03-03 01:15,03/03/2025 05:15,240,A. Rojas,Falta de MP,3,Falta de materia prima,Insumos,keyword,1.0,requiere seguimiento,2025-03-03 01:15:00,2025-03-03 05:15:00
11,M-04,Mezcladora 1,Mezclado,Turno 2 (14-22h),19/05/2025 23:15,20/05/25 00:00,45,P. Alvarez,reproceso por color no conforme urgente,5,Problema de calidad / reproceso,Calidad,keyword,1.0,requiere seguimiento,2025-05-19 23:15:00,2025-05-20 00:00:00
12,M-04,Mezcladora 1,Mezclado,Turno 2 (14-22h),02/01/25 02:00,02/01/2025 02:30,30,P. Alvarez,cambio de color en linea A,6,Cambio de formato / setup,Planificado,keyword,1.0,,2025-01-02 02:00:00,2025-01-02 02:30:00
13,M-08,Filtro prensa,Filtrado,Turno 3 (22-06h),15/04/2025 06:05,15/04/25 06:20,15,S. Mendez,ajustes previos al nuevo lote urgente,6,Cambio de formato / setup,Planificado,keyword,1.0,,2025-04-15 06:05:00,2025-04-15 06:20:00
14,M-04,Mezcladora 1,Mezclado,Turno 2 (14-22h),18/02/2025 17.45,18/02/25 18:05,20,A. Rojas,"falta de mp, se esperó a bodega",3,Falta de materia prima,Insumos,keyword,1.0,,2025-02-18 17:45:00,2025-02-18 18:05:00
15,M-02,Dispersor 2,Molienda,Turno 2 (14-22h),02/03/2025 05:40,02/03/25 07:40,120,S. Mendez,fa lla mecanica,1,Falla mecánica,Mecánico,keyword,1.0,,2025-03-02 05:40:00,2025-03-02 07:40:00
16,M-09,Tanque de tintometría,Tintometría,Turno 1 (06-14h),19-06-2025 22:45,2025-06-19 23:05,20,J. Ramirez,personal insuficiente,4,Falta de personal / operario,Personal,keyword,1.0,requiere seguimiento,2025-06-19 22:45:00,2025-06-19 23:05:00
17,M-03,Molino de bolas,Molienda,Turno 1 (06-14h),15/01/2025 16.05,15/01/2025 16:25,20,L. Fernandez,falta de materia prima,3,Falta de materia prima,Insumos,keyword,1.0,"reincidente, ya paso antes",2025-01-15 16:05:00,2025-01-15 16:25:00
18,M-09,Tanque de tintometría,Tintometría,Turno 2 (14-22h),22-03-2025 08:15,2025-03-22 09:15,60,C. Gomez,otro,10,Otro / no especificado,Otro,vacio_o_generico,1.0,se avisó a supervisor,2025-03-22 08:15:00,2025-03-22 09:15:00
19,M-02,Dispersor 2,Molienda,Turno 2 (14-22h),2025-05-18 06:50,2025-05-18 07:35,45,M. Torres,falla mecanica,1,Falla mecánica,Mecánico,keyword,1.0,revisar en proximo mantto,2025-05-18 06:50:00,2025-05-18 07:35:00
20,M-09,Tanque de tintometría,Tintometría,Turno 3 (22-06h),03/01/2025 21.50,03/01/2025 22:35,45,C. Gomez,reproceso por color no conforme,5,Problema de calidad / reproceso,Calidad,keyword,1.0,,2025-01-03 21:50:00,2025-01-03 22:35:00
21,M-05,Mezcladora 2,Mezclado,Turno 1 (06-14h),10-05-2025 15:20,10/05/2025 15:30,10,R. Diaz,"problema electrico, se llamo a electricista",2,Falla eléctrica,Eléctrico,keyword,1.0,revisar en proximo mantto,2025-05-10 15:20:00,2025-05-10 15:30:00
22,M-02,Dispersor 2,Molienda,Turno 2 (14-22h),26-06-2025 04:50,26-06-2025 05:00,10,C. Gomez,sin energia  en la linea,2,Falla eléctrica,Eléctrico,keyword,1.0,,2025-06-26 04:50:00,2025-06-26 05:00:00
23,M-09,Tanque de tintometría,Tintometría,Turno 1 (06-14h),15-04-2025 19:10,2025-04-15 19:40,30,C. Gomez,esperando material del proveedor turno noche,3,Falta de materia prima,Insumos,keyword,1.0,,2025-04-15 19:10:00,2025-04-15 19:40:00
24,M-01,Dispersor 1,Molienda,Turno 2 (14-22h),01-05-2025 07:15,01-05-2025 09:15,120,L. Fernandez,falta operario turno,4,Falta de personal / operario,Personal,keyword,1.0,,2025-05-01 07:15:00,2025-05-01 09:15:00
25,M-07,Envasadora línea B,Envasado,Turno 1 (06-14h),23/06/2025 17:30,23/06/2025 17:40,10,R. Diaz,lavado de tanque,7,Limpieza / sanitización,Planificado,keyword,1.0,se avisó a supervisor,2025-06-23 17:30:00,2025-06-23 17:40:00
26,M-09,Tanque de tintometría,Tintometría,Turno 3 (22-06h),2025-01-30 12:15,30/01/2025 13:00,45,J. Ramirez,pendiente de detalle,10,Otro / no especificado,Otro,keyword,1.0,requiere seguimiento,2025-01-30 12:15:00,2025-01-30 13:00:00
27,M-02,Dispersor 2,Molienda,Turno 2 (14-22h),18/03/25 16:20,18-03-2025 17:50,90,R. Diaz,lubricacion general leve,8,Mantenimiento preventivo,Planificado,keyword,1.0,,2025-03-18 16:20:00,2025-03-18 17:50:00
28,M-05,Mezcladora 2,Mezclado,Turno 3 (22-06h),15/03/25 06:40,15/03/2025 10.40,240,A. Rojas,se quemo un fusible,2,Falla eléctrica,Eléctrico,keyword,1.0,,2025-03-15 06:40:00,2025-03-15 10:40:00
29,M-02,Dispersor 2,Molienda,Turno 3 (22-06h),02/03/2025 21:20,2025-03-02 21:50,30,J. Ramirez,se disparo el termico,2,Falla eléctrica,Eléctrico,keyword,1.0,se resolvio en el momento,2025-03-02 21:20:00,2025-03-02 21:50:00
30,M-07,Envasadora línea B,Envasado,Turno 1 (06-14h),07/05/2025 12.15,07/05/2025 12:35,20,M. Torres,"se detecto defecto, se paro linea",5,Problema de calidad / reproceso,Calidad,keyword,1.0,,2025-05-07 12:15:00,2025-05-07 12:35:00
31,M-03,Molino de bolas,Molienda,Turno 2 (14-22h),29/04/2025 21.50,30/04/2025 00.50,180,A. Rojas,producto fuera de especificacion,5,Problema de calidad / reproceso,Calidad,keyword,1.0,requiere seguimiento,2025-04-29 21:50:00,2025-04-30 00:50:00
32,M-04,Mezcladora 1,Mezclado,Turno 2 (14-22h),13-06-2025 08:50,2025-06-13 10:50,120,M. Torres,parada por control de calidad,5,Problema de calidad / reproceso,Calidad,keyword,1.0,,2025-06-13 08:50:00,2025-06-13 10:50:00
33,M-04,Mezcladora 1,Mezclado,Turno 2 (14-22h),17/01/2025 13.40,17/01/2025 14.40,60,J. Ramirez,revision de rutina turno noche,8,Mantenimiento preventivo,Planificado,keyword,1.0,queda pendiente repuesto,2025-01-17 13:40:00,2025-01-17 14:40:00
34,M-07,Envasadora línea B,Envasado,Turno 2 (14-22h),18-04-2025 17:50,2025-04-18 21:50,240,R. Diaz,FALTA DE M.P.,3,Falta de materia prima,Insumos,keyword,1.0,,2025-04-18 17:50:00,2025-04-18 21:50:00
35,M-09,Tanque de tintometría,Tintometría,Turno 2 (14-22h),07-01-2025 12:00,07/01/25 12:15,15,A. Rojas,sin operador disponible,4,Falta de personal / operario,Personal,keyword,1.0,se avisó a supervisor,2025-01-07 12:00:00,2025-01-07 12:15:00
36,M-07,Envasadora línea B,Envasado,Turno 3 (22-06h),06/03/2025 02:45,06/03/2025 02.55,10,P. Alvarez,seteo de linea,6,Cambio de formato / setup,Planificado,keyword,1.0,,2025-03-06 02:45:00,2025-03-06 02:55:00
37,M-08,Filtro prensa,Filtrado,Turno 1 (06-14h),21-06-2025 03:15,21-06-2025 05:15,120,C. Gomez,no habia MP suficiente en linea A,3,Falta de materia prima,Insumos,keyword,1.0,,2025-06-21 03:15:00,2025-06-21 05:15:00
38,M-07,Envasadora línea B,Envasado,Turno 3 (22-06h),12/04/2025 22.15,12/04/2025 22.30,15,L. Fernandez,"vibracion anormal, se detuvo por precaucion ver detalle abajo",1,Falla mecánica,Mecánico,keyword,1.0,se avisó a supervisor,2025-04-12 22:15:00,2025-04-12 22:30:00
39,M-06,Envasadora línea A,Envasado,Turno 3 (22-06h),18/01/25 16:30,18/01/25 16:40,10,M. Torres,"vibracion anormal, se detuvo por precaucion",1,Falla mecánica,Mecánico,keyword,1.0,revisar en proximo mantto,2025-01-18 16:30:00,2025-01-18 16:40:00
40,M-09,Tanque de tintometría,Tintometría,Turno 2 (14-22h),04/05/25 14:40,04-05-2025 18:40,240,L. Fernandez,cortocircuito en motor urgente,2,Falla eléctrica,Eléctrico,keyword,1.0,,2025-05-04 14:40:00,2025-05-04 18:40:00
41,M-08,Filtro prensa,Filtrado,Turno 3 (22-06h),25-03-2025 05:45,25-03-2025 06:15,30,P. Alvarez,seteo de linea,6,Cambio de formato / setup,Planificado,keyword,1.0,"reincidente, ya paso antes",2025-03-25 05:45:00,2025-03-25 06:15:00
42,M-07,Envasadora línea B,Envasado,Turno 2 (14-22h),2025-05-06 17:15,06/05/25 19:15,120,J. Ramirez,esperando instrucciones,9,Espera de instrucciones / planificación,Planificado,keyword,1.0,,2025-05-06 17:15:00,2025-05-06 19:15:00
43,M-09,Tanque de tintometría,Tintometría,Turno 1 (06-14h),26/03/2025 11.45,26-03-2025 12:30,45,M. Torres,limpieza fin de turno,7,Limpieza / sanitización,Planificado,keyword,1.0,revisar en proximo mantto,2025-03-26 11:45:00,2025-03-26 12:30:00
44,M-09,Tanque de tintometría,Tintometría,Turno 1 (06-14h),02-06-2025 09:05,02-06-2025 09:35,30,C. Gomez,falla en el tablero electrico (2da vez esta semana),2,Falla eléctrica,Eléctrico,keyword,1.0,requiere seguimiento,2025-06-02 09:05:00,2025-06-02 09:35:00
45,M-08,Filtro prensa,Filtrado,Turno 2 (14-22h),27/01/2025 00:20,27/01/25 02:20,120,C. Gomez,falta de materia prima,3,Falta de materia prima,Insumos,keyword,1.0,se avisó a supervisor,2025-01-27 00:20:00,2025-01-27 02:20:00
46,M-03,Molino de bolas,Molienda,Turno 1 (06-14h),08/02/2025 18.20,2025-02-08 18:35,15,S. Mendez,falla mecanica motor principal,1,Falla mecánica,Mecánico,keyword,1.0,"reincidente, ya paso antes",2025-02-08 18:20:00,2025-02-08 18:35:00
47,M-07,Envasadora línea B,Envasado,Turno 3 (22-06h),20/03/2025 18:00,20/03/2025 22:00,240,L. Fernandez,falta de mano de obra,4,Falta de personal / operario,Personal,keyword,1.0,se avisó a supervisor,2025-03-20 18:00:00,2025-03-20 22:00:00
48,M-10,Etiquetadora,Envasado,Turno 2 (14-22h),01/05/2025 09.00,01-05-2025 09:30,30,A. Rojas,falla en el tablero electrico en linea A,2,Falla eléctrica,Eléctrico,keyword,1.0,,2025-05-01 09:00:00,2025-05-01 09:30:00
49,M-03,Molino de bolas,Molienda,Turno 1 (06-14h),19/01/25 01:10,19/01/2025 01.55,45,N. Herrera,cambio de envase turno noche,6,Cambio de formato / setup,Planificado,keyword,1.0,se resolvio en el momento,2025-01-19 01:10:00,2025-01-19 01:55:00
50,M-02,Dispersor 2,Molienda,Turno 3 (22-06h),03/06/2025 01:40,03/06/2025 02.40,60,M. Torres,limpieza entre lotes,7,Limpieza / sanitización,Planificado,keyword,1.0,"reincidente, ya paso antes",2025-06-03 01:40:00,2025-06-03 02:40:00
51,M-05,Mezcladora 2,Mezclado,Turno 1 (06-14h),16-02-2025 18:40,16/02/2025 20:40,120,S. Mendez,limpieza fin de turno turno noche,7,Limpieza / sanitización,Planificado,keyword,1.0,,2025-02-16 18:40:00,2025-02-16 20:40:00
52,M-09,Tanque de tintometría,Tintometría,Turno 3 (22-06h),10/01/2025 14.05,10-01-2025 15:05,60,S. Mendez,falta de mano de obra,4,Falta de personal / operario,Personal,keyword,1.0,,2025-01-10 14:05:00,2025-01-10 15:05:00
53,M-08,Filtro prensa,Filtrado,Turno 1 (06-14h),14/01/2025 06:20,2025-01-14 09:20,180,A. Rojas,"se detecto defecto, se paro linea urgente",5,Problema de calidad / reproceso,Calidad,keyword,1.0,se resolvio en el momento,2025-01-14 06:20:00,2025-01-14 09:20:00
54,M-07,Envasadora línea B,Envasado,Turno 3 (22-06h),24-01-2025 07:05,24/01/2025 09:05,120,C. Gomez,sin motivo especifica do,10,Otro / no especificado,Otro,keyword,1.0,se avisó a supervisor,2025-01-24 07:05:00,2025-01-24 09:05:00
55,M-07,Envasadora línea B,Envasado,Turno 2 (14-22h),18/02/2025 19:50,18/02/2025 20:10,20,S. Mendez,falta de mano de obra,4,Falta de personal / operario,Personal,keyword,1.0,requiere seguimiento,2025-02-18 19:50:00,2025-02-18 20:10:00
56,M-03,Molino de bolas,Molienda,Turno 1 (06-14h),2025-04-25 17:45,25-04-2025 18:45,60,F. Castro,limpieza CIP,7,Limpieza / sanitización,Planificado,keyword,1.0,revisar en proximo mantto,2025-04-25 17:45:00,2025-04-25 18:45:00
57,M-07,Envasadora línea B,Envasado,Turno 2 (14-22h),09/04/2025 21:10,09/04/2025 23:10,120,N. Herrera,PENDIENTE DE DETALLE (2DA VEZ ESTA SEMANA),10,Otro / no especificado,Otro,keyword,1.0,,2025-04-09 21:10:00,2025-04-09 23:10:00
58,M-03,Molino de bolas,Molienda,Turno 2 (14-22h),20-01-2025 15:20,20/01/2025 16.20,60,M. Torres,pendiente de instruccion de supervisor turno noche,9,Espera de instrucciones / planificación,Planificado,keyword,1.0,requiere seguimiento,2025-01-20 15:20:00,2025-01-20 16:20:00
59,M-05,Mezcladora 2,Mezclado,Turno 1 (06-14h),28/02/2025 23:05,01/03/2025 00:35,90,M. Torres,reproceso por color no conforme en linea A,5,Problema de calidad / reproceso,Calidad,keyword,1.0,se avisó a supervisor,2025-02-28 23:05:00,2025-03-01 00:35:00
60,M-09,Tanque de tintometría,Tintometría,Turno 2 (14-22h),16/04/2025 18.10,2025-04-16 18:30,20,S. Mendez,mantenimiento preventivo programado,8,Mantenimiento preventivo,Planificado,keyword,1.0,,2025-04-16 18:10:00,2025-04-16 18:30:00
61,M-01,Dispersor 1,Molienda,Turno 3 (22-06h),30/04/25 09:50,30/04/2025 10:10,20,P. Alvarez,falla en el tablero electrico,2,Falla eléctrica,Eléctrico,keyword,1.0,se avisó a supervisor,2025-04-30 09:50:00,2025-04-30 10:10:00
62,M-08,Filtro prensa,Filtrado,Turno 2 (14-22h),28/01/2025 07:40,28-01-2025 11:40,240,,lavado equipo,7,Limpieza / sanitización,Planificado,keyword,1.0,queda pendiente repuesto,2025-01-28 07:40:00,2025-01-28 11:40:00
63,M-05,Mezcladora 2,Mezclado,Turno 2 (14-22h),28/02/25 19:30,2025-02-28 20:00,30,C. Gomez,otro,10,Otro / no especificado,Otro,vacio_o_generico,1.0,,2025-02-28 19:30:00,2025-02-28 20:00:00
64,M-06,Envasadora línea A,Envasado,Turno 1 (06-14h),17-04-2025 05:15,17/04/2025 05.35,20,P. Alvarez,FALTA DE M.P.,3,Falta de materia prima,Insumos,keyword,1.0,se avisó a supervisor,2025-04-17 05:15:00,2025-04-17 05:35:00
65,M-02,Dispersor 2,Molienda,Turno 1 (06-14h),06/02/25 07:40,06-02-2025 10:40,180,,reproceso ph,5,Problema de calidad / reproceso,Calidad,keyword,1.0,requiere seguimiento,2025-02-06 07:40:00,2025-02-06 10:40:00
66,M-02,Dispersor 2,Molienda,Turno 1 (06-14h),22/06/2025 07:45,22/06/2025 07.55,10,F. Castro,mantenimiento planificado,8,Mantenimiento preventivo,Planificado,keyword,1.0,"reincidente, ya paso antes",2025-06-22 07:45:00,2025-06-22 07:55:00
67,M-01,Dispersor 1,Molienda,Turno 3 (22-06h),19/03/2025 15.05,2025-03-19 15:20,15,C. Gomez,REPROCESO PH,5,Problema de calidad / reproceso,Calidad,keyword,1.0,revisar en proximo mantto,2025-03-19 15:05:00,2025-03-19 15:20:00
68,M-02,Dispersor 2,Molienda,Turno 2 (14-22h),06/05/2025 19:40,06/05/2025 20:25,45,L. Fernandez,cambio de turno demorado,4,Falta de personal / operario,Personal,keyword,1.0,,2025-05-06 19:40:00,2025-05-06 20:25:00
69,M-05,Mezcladora 2,Mezclado,Turno 2 (14-22h),2025-02-18 03:45,2025-02-18 04:00,15,N. Herrera,revision de rutina ,8,Mantenimiento preventivo,Planificado,keyword,1.0,,2025-02-18 03:45:00,2025-02-18 04:00:00
70,M-04,Mezcladora 1,Mezclado,Turno 1 (06-14h),26/03/2025 04:00,2025-03-26 04:45,45,F. Castro,se quemo un fusible urgente,2,Falla eléctrica,Eléctrico,keyword,1.0,,2025-03-26 04:00:00,2025-03-26 04:45:00
71,M-01,Dispersor 1,Molienda,Turno 3 (22-06h),14/02/2025 08.00,14/02/25 08:20,20,M. Torres,falla electrica,2,Falla eléctrica,Eléctrico,keyword,1.0,revisar en proximo mantto,2025-02-14 08:00:00,2025-02-14 08:20:00
72,M-09,Tanque de tintometría,Tintometría,Turno 3 (22-06h),19/03/25 14:00,19/03/25 14:10,10,S. Mendez,roda miento dañado,1,Falla mecánica,Mecánico,keyword,1.0,se resolvio en el momento,2025-03-19 14:00:00,2025-03-19 14:10:00
73,M-10,Etiquetadora,Envasado,Turno 3 (22-06h),12/06/25 18:50,12/06/25 19:50,60,F. Castro,ROTURA DE RODAMIENTO,1,Falla mecánica,Mecánico,keyword,1.0,requiere seguimiento,2025-06-12 18:50:00,2025-06-12 19:50:00
74,M-04,Mezcladora 1,Mezclado,Turno 2 (14-22h),21/04/25 14:15,21-04-2025 15:45,90,S. Mendez,rotura de rodamiento,1,Falla mecánica,Mecánico,keyword,1.0,,2025-04-21 14:15:00,2025-04-21 15:45:00
75,M-02,Dispersor 2,Molienda,Turno 1 (06-14h),24/01/2025 02.05,24/01/2025 03:35,90,P. Alvarez,mantenimiento planificado,8,Mantenimiento preventivo,Planificado,keyword,1.0,requiere seguimiento,2025-01-24 02:05:00,2025-01-24 03:35:00
76,M-07,Envasadora línea B,Envasado,Turno 1 (06-14h),14/01/2025 09:20,14/01/2025 10:20,60,L. Fernandez,ESPERA DE APROBACION DE LABORATORIO,9,Espera de instrucciones / planificación,Planificado,keyword,1.0,se resolvio en el momento,2025-01-14 09:20:00,2025-01-14 10:20:00
77,M-07,Envasadora línea B,Envasado,Turno 3 (22-06h),24-05-2025 19:50,24/05/2025 20.00,10,,revision de rutina,8,Mantenimiento preventivo,Planificado,keyword,1.0,se avisó a supervisor,2025-05-24 19:50:00,2025-05-24 20:00:00
78,M-03,Molino de bolas,Molienda,Turno 2 (14-22h),12-06-2025 00:05,2025-06-12 03:05,180,A. Rojas,chequeo preventivo mensual turno noche,8,Mantenimiento preventivo,Planificado,keyword,1.0,revisar en proximo mantto,2025-06-12 00:05:00,2025-06-12 03:05:00
79,M-01,Dispersor 1,Molienda,Turno 3 (22-06h),22/06/2025 02:20,22/06/25 04:20,120,A. Rojas,no indicado por operario en linea A,10,Otro / no especificado,Otro,keyword,1.0,,2025-06-22 02:20:00,2025-06-22 04:20:00
80,M-05,Mezcladora 2,Mezclado,Turno 2 (14-22h),12-01-2025 07:40,,240,R. Diaz,lubricacion general leve,8,Mantenimiento preventivo,Planificado,keyword,1.0,,2025-01-12 07:40:00,
81,M-09,Tanque de tintometría,Tintometría,Turno 1 (06-14h),30-06-2025 07:50,30-06-2025 10:50,180,J. Ramirez,mantto preventivo leve,8,Mantenimiento preventivo,Planificado,keyword,1.0,se resolvio en el momento,2025-06-30 07:50:00,2025-06-30 10:50:00
82,M-02,Dispersor 2,Molienda,Turno 1 (06-14h),14/04/25 00:30,14/04/2025 00.50,20,P. Alvarez,pendiente de detalle,10,Otro / no especificado,Otro,keyword,1.0,,2025-04-14 00:30:00,2025-04-14 00:50:00
83,M-06,Envasadora línea A,Envasado,Turno 2 (14-22h),2025-02-26 10:10,26/02/2025 10.25,15,F. Castro,pendiente de detalle,10,Otro / no especificado,Otro,keyword,1.0,revisar en proximo mantto,2025-02-26 10:10:00,2025-02-26 10:25:00
84,M-02,Dispersor 2,Molienda,Turno 3 (22-06h),15/02/2025 20.45,15/02/2025 22.45,120,A. Rojas,setup cambio de producto turno noche,6,Cambio de formato / setup,Planificado,keyword,1.0,"reincidente, ya paso antes",2025-02-15 20:45:00,2025-02-15 22:45:00
85,M-05,Mezcladora 2,Mezclado,Turno 2 (14-22h),01/06/2025 01:30,01/06/2025 04:30,180,A. Rojas,chequeo preventivo mensual en linea A,8,Mantenimiento preventivo,Planificado,keyword,1.0,revisar en proximo mantto,2025-06-01 01:30:00,2025-06-01 04:30:00
86,M-01,Dispersor 1,Molienda,Turno 1 (06-14h),26-04-2025 18:15,26/04/2025 19.15,60,C. Gomez,"vibracion anormal, se detuvo por precaucion",1,Falla mecánica,Mecánico,keyword,1.0,se resolvio en el momento,2025-04-26 18:15:00,2025-04-26 19:15:00
87,M-08,Filtro prensa,Filtrado,Turno 3 (22-06h),15/05/2025 16.10,15-05-2025 17:10,60,S. Mendez,CORREA CORTADA,1,Falla mecánica,Mecánico,keyword,1.0,revisar en proximo mantto,2025-05-15 16:10:00,2025-05-15 17:10:00
88,M-05,Mezcladora 2,Mezclado,Turno 3 (22-06h),18/06/25 19:10,18/06/2025 20:10,60,C. Gomez,esperando material del proveedor en linea A,3,Falta de materia prima,Insumos,keyword,1.0,se avisó a supervisor,2025-06-18 19:10:00,2025-06-18 20:10:00
89,M-06,Envasadora línea A,Envasado,Turno 1 (06-14h),02-02-2025 21:50,02/02/25 22:05,15,J. Ramirez,SE QUEMO UN FUSIBLE,2,Falla eléctrica,Eléctrico,keyword,1.0,,2025-02-02 21:50:00,2025-02-02 22:05:00
90,M-02,Dispersor 2,Molienda,Turno 1 (06-14h),2025-05-10 17:50,10-05-2025 18:00,10,N. Herrera,"lote no cumple especificacion, se detiene turno noche",5,Problema de calidad / reproceso,Calidad,keyword,1.0,queda pendiente repuesto,2025-05-10 17:50:00,2025-05-10 18:00:00
91,M-07,Envasadora línea B,Envasado,Turno 2 (14-22h),04/04/25 21:15,04/04/2025 23.15,120,A. Rojas,se quemo un fusible,2,Falla eléctrica,Eléctrico,keyword,1.0,,2025-04-04 21:15:00,2025-04-04 23:15:00
92,M-05,Mezcladora 2,Mezclado,Turno 1 (06-14h),08/04/25 16:50,2025-04-08 18:20,90,N. Herrera,preparacion de maquina,6,Cambio de formato / setup,Planificado,keyword,1.0,se avisó a supervisor,2025-04-08 16:50:00,2025-04-08 18:20:00
93,M-02,Dispersor 2,Molienda,Turno 1 (06-14h),14/03/25 02:10,14/03/25 02:55,45,C. Gomez,revision de rutina,8,Mantenimiento preventivo,Planificado,keyword,1.0,,2025-03-14 02:10:00,2025-03-14 02:55:00
94,M-07,Envasadora línea B,Envasado,Turno 1 (06-14h),21-01-2025 11:15,21-01-2025 11:25,10,P. Alvarez,mantenimiento preventivo programado,8,Mantenimiento preventivo,Planificado,keyword,1.0,,2025-01-21 11:15:00,2025-01-21 11:25:00
95,M-02,Dispersor 2,Molienda,Turno 2 (14-22h),2025-01-05 08:15,05/01/2025 08.35,20,N. Herrera,parada por control de calidad,5,Problema de calidad / reproceso,Calidad,keyword,1.0,,2025-01-05 08:15:00,2025-01-05 08:35:00
96,M-02,Dispersor 2,Molienda,Turno 3 (22-06h),29-01-2025 15:50,29/01/2025 16.00,10,C. Gomez,lavado de tanque (2da vez esta semana),7,Limpieza / sanitización,Planificado,keyword,1.0,,2025-01-29 15:50:00,2025-01-29 16:00:00
97,M-06,Envasadora línea A,Envasado,Turno 3 (22-06h),18/01/25 16:50,18/01/2025 19.50,180,S. Mendez,ca mbio de boquilla,6,Cambio de formato / setup,Planificado,keyword,1.0,,2025-01-18 16:50:00,2025-01-18 19:50:00
98,M-04,Mezcladora 1,Mezclado,Turno 3 (22-06h),18/06/25 20:05,19-06-2025 00:05,240,P. Alvarez,ma ntenimiento planificado,8,Mantenimiento preventivo,Planificado,keyword,1.0,,2025-06-18 20:05:00,2025-06-19 00:05:00
99,M-08,Filtro prensa,Filtrado,Turno 2 (14-22h),10/01/2025 09.15,2025-01-10 09:25,10,P. Alvarez,PARADA POR CONTROL DE CALIDAD,5,Problema de calidad / reproceso,Calidad,keyword,1.0,requiere seguimiento,2025-01-10 09:15:00,2025-01-10 09:25:00
100,M-01,Dispersor 1,Molienda,Turno 2 (14-22h),2025-06-17 10:20,17-06-2025 10:35,15,S. Mendez,reproceso ph leve,5,Problema de calidad / reproceso,Calidad,keyword,1.0,queda pendiente repuesto,2025-06-17 10:20:00,2025-06-17 10:35:00
101,M-02,Dispersor 2,Molienda,Turno 3 (22-06h),19-04-2025 02:40,2025-04-19 06:40,240,P. Alvarez,correccion de formula,5,Problema de calidad / reproceso,Calidad,keyword,1.0,revisar en proximo mantto,2025-04-19 02:40:00,2025-04-19 06:40:00
102,M-06,Envasadora línea A,Envasado,Turno 2 (14-22h),25/04/2025 01.30,25/04/25 05:30,240,J. Ramirez,lavado equipo,7,Limpieza / sanitización,Planificado,keyword,1.0,queda pendiente repuesto,2025-04-25 01:30:00,2025-04-25 05:30:00
103,M-03,Molino de bolas,Molienda,Turno 2 (14-22h),18-01-2025 07:30,18/01/25 08:30,60,J. Ramirez,falla electrica urgente,2,Falla eléctrica,Eléctrico,keyword,1.0,se resolvio en el momento,2025-01-18 07:30:00,2025-01-18 08:30:00
104,M-05,Mezcladora 2,Mezclado,Turno 3 (22-06h),05/03/25 03:00,05/03/25 03:20,20,F. Castro,reproceso por viscosidad,5,Problema de calidad / reproceso,Calidad,keyword,1.0,se avisó a supervisor,2025-03-05 03:00:00,2025-03-05 03:20:00
105,M-02,Dispersor 2,Molienda,Turno 3 (22-06h),04/02/2025 02.45,04/02/25 03:05,20,P. Alvarez,cambio de boquilla,6,Cambio de formato / setup,Planificado,keyword,1.0,,2025-02-04 02:45:00,2025-02-04 03:05:00
106,M-03,Molino de bolas,Molienda,Turno 2 (14-22h),03/04/2025 16.15,2025-04-03 16:30,15,L. Fernandez,limpieza CIP,7,Limpieza / sanitización,Planificado,keyword,1.0,,2025-04-03 16:15:00,2025-04-03 16:30:00
107,M-02,Dispersor 2,Molienda,Turno 1 (06-14h),17-01-2025 09:40,17/01/2025 11.40,120,S. Mendez,motivo no registrado,10,Otro / no especificado,Otro,keyword,1.0,,2025-01-17 09:40:00,2025-01-17 11:40:00
108,M-09,Tanque de tintometría,Tintometría,Turno 1 (06-14h),13-06-2025 18:10,13/06/25 18:30,20,J. Ramirez,rodamiento dañado,1,Falla mecánica,Mecánico,keyword,1.0,requiere seguimiento,2025-06-13 18:10:00,2025-06-13 18:30:00
109,M-09,Tanque de tintometría,Tintometría,Turno 3 (22-06h),2025-03-14 02:20,14/03/2025 02.50,30,R. Diaz,corte de energia,2,Falla eléctrica,Eléctrico,keyword,1.0,,2025-03-14 02:20:00,2025-03-14 02:50:00
110,M-06,Envasadora línea A,Envasado,Turno 3 (22-06h),25/05/25 01:00,25/05/2025 01:15,15,N. Herrera,no indicado por operario leve,10,Otro / no especificado,Otro,keyword,1.0,,2025-05-25 01:00:00,2025-05-25 01:15:00
111,M-05,Mezcladora 2,Mezclado,Turno 2 (14-22h),04/05/25 07:40,04/05/25 08:25,45,J. Ramirez,otro,10,Otro / no especificado,Otro,vacio_o_generico,1.0,queda pendiente repuesto,2025-05-04 07:40:00,2025-05-04 08:25:00
112,M-06,Envasadora línea A,Envasado,Turno 2 (14-22h),2025-04-13 04:30,13/04/2025 07.30,180,L. Fernandez,preparacion de maquina,6,Cambio de formato / setup,Planificado,keyword,1.0,se avisó a supervisor,2025-04-13 04:30:00,2025-04-13 07:30:00
113,M-03,Molino de bolas,Molienda,Turno 2 (14-22h),25/03/2025 18:30,2025-03-25 19:00,30,F. Castro,se disparo el termico (2da vez esta semana),2,Falla eléctrica,Eléctrico,keyword,1.0,se avisó a supervisor,2025-03-25 18:30:00,2025-03-25 19:00:00
114,M-06,Envasadora línea A,Envasado,Turno 1 (06-14h),13/01/25 01:20,13/01/2025 03.20,120,A. Rojas,falla mecanica motor principal,1,Falla mecánica,Mecánico,keyword,1.0,,2025-01-13 01:20:00,2025-01-13 03:20:00
115,M-07,Envasadora línea B,Envasado,Turno 3 (22-06h),14-01-2025 18:50,14-01-2025 19:20,30,M. Torres,"problema electrico, se llamo a electricista",2,Falla eléctrica,Eléctrico,keyword,1.0,se resolvio en el momento,2025-01-14 18:50:00,2025-01-14 19:20:00
116,M-06,Envasadora línea A,Envasado,Turno 1 (06-14h),23-05-2025 11:10,23/05/2025 11.40,30,F. Castro,no indicado por operario en linea A,10,Otro / no especificado,Otro,keyword,1.0,,2025-05-23 11:10:00,2025-05-23 11:40:00
117,M-06,Envasadora línea A,Envasado,Turno 3 (22-06h),06/06/2025 10.10,06/06/2025 11.40,90,R. Diaz,reproceso por color no conforme,5,Problema de calidad / reproceso,Calidad,keyword,1.0,requiere seguimiento,2025-06-06 10:10:00,2025-06-06 11:40:00
118,M-02,Dispersor 2,Molienda,Turno 3 (22-06h),17/04/25 18:20,17/04/2025 18.30,10,N. Herrera,falla de calidad detectada por supervisor,5,Problema de calidad / reproceso,Calidad,keyword,1.0,,2025-04-17 18:20:00,2025-04-17 18:30:00
119,M-03,Molino de bolas,Molienda,Turno 2 (14-22h),2025-06-24 07:00,24/06/2025 11:00,240,A. Rojas,Falla elect. panel control,2,Falla eléctrica,Eléctrico,keyword,1.0,,2025-06-24 07:00:00,2025-06-24 11:00:00
120,M-01,Dispersor 1,Molienda,Turno 1 (06-14h),30/06/25 04:50,30/06/2025 05.20,30,A. Rojas,operario en otra tarea,4,Falta de personal / operario,Personal,keyword,1.0,revisar en proximo mantto,2025-06-30 04:50:00,2025-06-30 05:20:00
121,M-05,Mezcladora 2,Mezclado,Turno 2 (14-22h),2025-06-06 15:15,06-06-2025 15:45,30,L. Fernandez,sin programa de produccion,9,Espera de instrucciones / planificación,Planificado,keyword,1.0,se avisó a supervisor,2025-06-06 15:15:00,2025-06-06 15:45:00
122,M-05,Mezcladora 2,Mezclado,Turno 3 (22-06h),15/03/2025 03:50,15/03/25 05:20,90,C. Gomez,fuera de rango de calidad,5,Problema de calidad / reproceso,Calidad,keyword,1.0,se avisó a supervisor,2025-03-15 03:50:00,2025-03-15 05:20:00
123,M-09,Tanque de tintometría,Tintometría,Turno 3 (22-06h),11/03/2025 17.20,11/03/2025 17:40,20,N. Herrera,mtto preventivo segun plan,8,Mantenimiento preventivo,Planificado,keyword,1.0,,2025-03-11 17:20:00,2025-03-11 17:40:00
124,M-03,Molino de bolas,Molienda,Turno 2 (14-22h),02-01-2025 17:10,02/01/25 18:40,90,L. Fernandez,cambio de color (2da vez esta semana),6,Cambio de formato / setup,Planificado,keyword,1.0,se avisó a supervisor,2025-01-02 17:10:00,2025-01-02 18:40:00
125,M-01,Dispersor 1,Molienda,Turno 1 (06-14h),14/02/2025 13:10,14/02/25 13:20,10,C. Gomez,Falta de MP,3,Falta de materia prima,Insumos,keyword,1.0,se avisó a supervisor,2025-02-14 13:10:00,2025-02-14 13:20:00
126,M-08,Filtro prensa,Filtrado,Turno 2 (14-22h),2025-06-14 17:50,2025-06-14 19:50,120,A. Rojas,limpieza fin de turno,7,Limpieza / sanitización,Planificado,keyword,1.0,,2025-06-14 17:50:00,2025-06-14 19:50:00
127,M-05,Mezcladora 2,Mezclado,Turno 2 (14-22h),26/05/2025 21:15,26/05/2025 21.35,20,S. Mendez,REPROCESO PH,5,Problema de calidad / reproceso,Calidad,keyword,1.0,requiere seguimiento,2025-05-26 21:15:00,2025-05-26 21:35:00
128,M-01,Dispersor 1,Molienda,Turno 1 (06-14h),08-03-2025 12:15,08-03-2025 14:15,120,R. Diaz,operario ausente turno noche,4,Falta de personal / operario,Personal,keyword,1.0,"reincidente, ya paso antes",2025-03-08 12:15:00,2025-03-08 14:15:00
129,M-09,Tanque de tintometría,Tintometría,Turno 1 (06-14h),30/06/25 09:05,30-06-2025 09:50,45,L. Fernandez,cambio de aceite programado en linea A,8,Mantenimiento preventivo,Planificado,keyword,1.0,se resolvio en el momento,2025-06-30 09:05:00,2025-06-30 09:50:00
130,M-09,Tanque de tintometría,Tintometría,Turno 3 (22-06h),20/06/2025 06:15,20/06/2025 10:15,240,F. Castro,motivo no registrado,10,Otro / no especificado,Otro,keyword,1.0,,2025-06-20 06:15:00,2025-06-20 10:15:00
131,M-03,Molino de bolas,Molienda,Turno 2 (14-22h),25/03/2025 16:45,2025-03-25 17:00,15,A. Rojas,falta insumo (solvente),3,Falta de materia prima,Insumos,keyword,1.0,requiere seguimiento,2025-03-25 16:45:00,2025-03-25 17:00:00
132,M-08,Filtro prensa,Filtrado,Turno 2 (14-22h),22-06-2025 09:00,22-06-2025 10:30,90,L. Fernandez,pa rada por control de calidad,5,Problema de calidad / reproceso,Calidad,keyword,1.0,,2025-06-22 09:00:00,2025-06-22 10:30:00
133,M-08,Filtro prensa,Filtrado,Turno 2 (14-22h),09/01/25 09:40,2025-01-09 10:00,20,S. Mendez,correa  cortada,1,Falla mecánica,Mecánico,keyword,1.0,queda pendiente repuesto,2025-01-09 09:40:00,2025-01-09 10:00:00
134,M-06,Envasadora línea A,Envasado,Turno 2 (14-22h),31/01/25 05:50,31/01/2025 07.20,90,L. Fernandez,operario ausente,4,Falta de personal / operario,Personal,keyword,1.0,,2025-01-31 05:50:00,2025-01-31 07:20:00
135,M-06,Envasadora línea A,Envasado,Turno 1 (06-14h),2025-02-09 08:15,09/02/2025 08:30,15,S. Mendez,"detenido, esperando definicion",9,Espera de instrucciones / planificación,Planificado,keyword,1.0,,2025-02-09 08:15:00,2025-02-09 08:30:00
136,M-01,Dispersor 1,Molienda,Turno 1 (06-14h),04/03/2025 23.00,05/03/25 00:30,90,L. Fernandez,rotura de rodamiento,1,Falla mecánica,Mecánico,keyword,1.0,,2025-03-04 23:00:00,2025-03-05 00:30:00
137,M-10,Etiquetadora,Envasado,Turno 2 (14-22h),22/06/2025 10:15,2025-06-22 11:00,45,F. Castro,parada por limpieza,7,Limpieza / sanitización,Planificado,keyword,1.0,se avisó a supervisor,2025-06-22 10:15:00,2025-06-22 11:00:00
138,M-07,Envasadora línea B,Envasado,Turno 1 (06-14h),23-05-2025 15:00,23/05/25 16:00,60,P. Alvarez,sin instrucciones claras del turno anterior,9,Espera de instrucciones / planificación,Planificado,keyword,1.0,queda pendiente repuesto,2025-05-23 15:00:00,2025-05-23 16:00:00
139,M-05,Mezcladora 2,Mezclado,Turno 1 (06-14h),06-02-2025 14:00,06/02/25 17:00,180,F. Castro,sin operador disponible,4,Falta de personal / operario,Personal,keyword,1.0,queda pendiente repuesto,2025-02-06 14:00:00,2025-02-06 17:00:00
140,M-02,Dispersor 2,Molienda,Turno 1 (06-14h),18/05/2025 23.15,18-05-2025 23:25,10,N. Herrera,preparacion de maquina,6,Cambio de formato / setup,Planificado,keyword,1.0,,2025-05-18 23:15:00,2025-05-18 23:25:00
141,M-01,Dispersor 1,Molienda,Turno 3 (22-06h),24-02-2025 06:05,2025-02-24 08:05,120,L. Fernandez,parada por reprogramacion,9,Espera de instrucciones / planificación,Planificado,keyword,1.0,,2025-02-24 06:05:00,2025-02-24 08:05:00
142,M-06,Envasadora línea A,Envasado,Turno 2 (14-22h),12/05/25 15:45,12/05/25 16:00,15,P. Alvarez,limpieza entre lotes,7,Limpieza / sanitización,Planificado,keyword,1.0,revisar en proximo mantto,2025-05-12 15:45:00,2025-05-12 16:00:00
143,M-09,Tanque de tintometría,Tintometría,Turno 2 (14-22h),30/05/2025 18.40,2025-05-30 19:25,45,L. Fernandez,Fa lta de M.P.,3,Falta de materia prima,Insumos,keyword,1.0,,2025-05-30 18:40:00,2025-05-30 19:25:00
144,M-08,Filtro prensa,Filtrado,Turno 3 (22-06h),28/04/2025 05:30,2025-04-28 05:50,20,A. Rojas,mantenimiento planificado,8,Mantenimiento preventivo,Planificado,keyword,1.0,requiere seguimiento,2025-04-28 05:30:00,2025-04-28 05:50:00
145,M-01,Dispersor 1,Molienda,Turno 2 (14-22h),02/01/2025 13:10,02/01/2025 13:40,30,J. Ramirez,ESPERANDO INSTRUCCIONES,9,Espera de instrucciones / planificación,Planificado,keyword,1.0,se resolvio en el momento,2025-01-02 13:10:00,2025-01-02 13:40:00
146,M-09,Tanque de tintometría,Tintometría,Turno 3 (22-06h),22/05/25 13:00,22/05/2025 13.10,10,F. Castro,no indica do por operario,10,Otro / no especificado,Otro,keyword,1.0,,2025-05-22 13:00:00,2025-05-22 13:10:00
147,M-10,Etiquetadora,Envasado,Turno 3 (22-06h),2025-05-15 08:30,15/05/25 09:15,45,S. Mendez,se disparo el termico,2,Falla eléctrica,Eléctrico,keyword,1.0,,2025-05-15 08:30:00,2025-05-15 09:15:00
148,M-02,Dispersor 2,Molienda,Turno 2 (14-22h),14/04/25 12:40,14/04/25 15:40,180,J. Ramirez,lavado de tanque,7,Limpieza / sanitización,Planificado,keyword,1.0,,2025-04-14 12:40:00,2025-04-14 15:40:00
149,M-01,Dispersor 1,Molienda,Turno 3 (22-06h),28/02/2025 06:45,28/02/2025 07:30,45,R. Diaz,cambio de filtros programado,8,Mantenimiento preventivo,Planificado,keyword,1.0,"reincidente, ya paso antes",2025-02-28 06:45:00,2025-02-28 07:30:00
150,M-07,Envasadora línea B,Envasado,Turno 2 (14-22h),20/01/25 09:10,2025-01-20 13:10,240,S. Mendez,fluctuacion de voltaje turno noche,2,Falla eléctrica,Eléctrico,keyword,1.0,requiere seguimiento,2025-01-20 09:10:00,2025-01-20 13:10:00
151,M-07,Envasadora línea B,Envasado,Turno 1 (06-14h),01-03-2025 02:30,01/03/2025 06.30,240,S. Mendez,se dispa ro el termico,2,Falla eléctrica,Eléctrico,keyword,1.0,revisar en proximo mantto,2025-03-01 02:30:00,2025-03-01 06:30:00
152,M-10,Etiquetadora,Envasado,Turno 2 (14-22h),2025-06-19 12:05,19-06-2025 16:05,240,M. Torres,correccion de formula urgente,5,Problema de calidad / reproceso,Calidad,keyword,1.0,,2025-06-19 12:05:00,2025-06-19 16:05:00
153,M-08,Filtro prensa,Filtrado,Turno 2 (14-22h),03/04/2025 08:05,03/04/2025 08:25,20,A. Rojas,AUSENTISMO,4,Falta de personal / operario,Personal,keyword,1.0,requiere seguimiento,2025-04-03 08:05:00,2025-04-03 08:25:00
154,M-06,Envasadora línea A,Envasado,Turno 3 (22-06h),09/04/2025 00.20,09/04/25 01:50,90,F. Castro,FALTA DE MP,3,Falta de materia prima,Insumos,keyword,1.0,,2025-04-09 00:20:00,2025-04-09 01:50:00
155,M-02,Dispersor 2,Molienda,Turno 3 (22-06h),12/02/25 13:20,12-02-2025 14:50,90,M. Torres,cortocircuito en motor ver detalle abajo,2,Falla eléctrica,Eléctrico,keyword,1.0,,2025-02-12 13:20:00,2025-02-12 14:50:00
156,M-07,Envasadora línea B,Envasado,Turno 3 (22-06h),2025-03-27 19:40,27/03/25 20:40,60,N. Herrera,NO INDICADO POR OPERARIO EN LINEA A,10,Otro / no especificado,Otro,keyword,1.0,revisar en proximo mantto,2025-03-27 19:40:00,2025-03-27 20:40:00
157,M-08,Filtro prensa,Filtrado,Turno 1 (06-14h),28/05/2025 07.30,28-05-2025 09:00,90,S. Mendez,fuera de rango de calidad (2da vez esta semana),5,Problema de calidad / reproceso,Calidad,keyword,1.0,"reincidente, ya paso antes",2025-05-28 07:30:00,2025-05-28 09:00:00
158,M-08,Filtro prensa,Filtrado,Turno 2 (14-22h),2025-02-23 14:20,23/02/25 14:35,15,C. Gomez,a la espera de planificacion,9,Espera de instrucciones / planificación,Planificado,keyword,1.0,,2025-02-23 14:20:00,2025-02-23 14:35:00
159,M-09,Tanque de tintometría,Tintometría,Turno 1 (06-14h),2025-06-27 13:50,27-06-2025 14:00,10,F. Castro,no vino el operario asignado urgente,4,Falta de personal / operario,Personal,keyword,1.0,,2025-06-27 13:50:00,2025-06-27 14:00:00
160,M-07,Envasadora línea B,Envasado,Turno 3 (22-06h),26/03/2025 13.05,26/03/2025 13:15,10,F. Castro,REVISION PERIODICA,8,Mantenimiento preventivo,Planificado,keyword,1.0,requiere seguimiento,2025-03-26 13:05:00,2025-03-26 13:15:00
161,M-09,Tanque de tintometría,Tintometría,Turno 2 (14-22h),08-02-2025 11:00,08/02/2025 13:00,120,M. Torres,seteo de linea,6,Cambio de formato / setup,Planificado,keyword,1.0,,2025-02-08 11:00:00,2025-02-08 13:00:00
162,M-02,Dispersor 2,Molienda,Turno 3 (22-06h),23/04/2025 23:45,24/04/2025 00:45,60,,mtto preventivo segun plan,8,Mantenimiento preventivo,Planificado,keyword,1.0,revisar en proximo mantto,2025-04-23 23:45:00,2025-04-24 00:45:00
163,M-07,Envasadora línea B,Envasado,Turno 1 (06-14h),29/04/25 07:40,2025-04-29 08:00,20,S. Mendez,falla en el tablero electrico,2,Falla eléctrica,Eléctrico,keyword,1.0,"reincidente, ya paso antes",2025-04-29 07:40:00,2025-04-29 08:00:00
164,M-02,Dispersor 2,Molienda,Turno 3 (22-06h),28-05-2025 03:50,28-05-2025 04:10,20,A. Rojas,pendiente de detalle,10,Otro / no especificado,Otro,keyword,1.0,se resolvio en el momento,2025-05-28 03:50:00,2025-05-28 04:10:00
165,M-08,Filtro prensa,Filtrado,Turno 2 (14-22h),08/06/2025 05:20,08/06/2025 09.20,240,C. Gomez,pendiente de detalle,10,Otro / no especificado,Otro,keyword,1.0,,2025-06-08 05:20:00,2025-06-08 09:20:00
166,M-03,Molino de bolas,Molienda,Turno 2 (14-22h),2025-05-28 12:40,28/05/25 13:00,20,C. Gomez,fluctuacion de voltaje,2,Falla eléctrica,Eléctrico,keyword,1.0,se resolvio en el momento,2025-05-28 12:40:00,2025-05-28 13:00:00
167,M-01,Dispersor 1,Molienda,Turno 2 (14-22h),05/05/25 04:15,05/05/2025 05.45,90,A. Rojas,fluctuacion de voltaje,2,Falla eléctrica,Eléctrico,keyword,1.0,se resolvio en el momento,2025-05-05 04:15:00,2025-05-05 05:45:00
168,M-01,Dispersor 1,Molienda,Turno 3 (22-06h),12/03/2025 07.50,2025-03-12 08:35,45,N. Herrera,parada por control de calidad en linea A,5,Problema de calidad / reproceso,Calidad,keyword,1.0,se resolvio en el momento,2025-03-12 07:50:00,2025-03-12 08:35:00
169,M-01,Dispersor 1,Molienda,Turno 2 (14-22h),23-04-2025 17:15,23/04/2025 18:45,90,L. Fernandez,"vibracion anormal, se detuvo por precaucion urgente",1,Falla mecánica,Mecánico,keyword,1.0,,2025-04-23 17:15:00,2025-04-23 18:45:00
170,M-04,Mezcladora 1,Mezclado,Turno 1 (06-14h),23/02/2025 23.30,24/02/25 03:30,240,C. Gomez,mantto preventivo,8,Mantenimiento preventivo,Planificado,keyword,1.0,,2025-02-23 23:30:00,2025-02-24 03:30:00
171,M-05,Mezcladora 2,Mezclado,Turno 3 (22-06h),2025-03-16 18:20,16/03/2025 21:20,180,S. Mendez,revision de rutina,8,Mantenimiento preventivo,Planificado,keyword,1.0,se avisó a supervisor,2025-03-16 18:20:00,2025-03-16 21:20:00
172,M-07,Envasadora línea B,Envasado,Turno 3 (22-06h),06-05-2025 04:20,06/05/25 05:50,90,M. Torres,falla en el tablero electrico ver detalle abajo,2,Falla eléctrica,Eléctrico,keyword,1.0,se avisó a supervisor,2025-05-06 04:20:00,2025-05-06 05:50:00
173,M-02,Dispersor 2,Molienda,Turno 2 (14-22h),28-04-2025 20:30,28/04/2025 20.45,15,S. Mendez,CORRECCION DE FORMULA,5,Problema de calidad / reproceso,Calidad,keyword,1.0,se resolvio en el momento,2025-04-28 20:30:00,2025-04-28 20:45:00
174,M-06,Envasadora línea A,Envasado,Turno 2 (14-22h),2025-06-24 01:00,,15,C. Gomez,ASEO DE LINEA,7,Limpieza / sanitización,Planificado,keyword,1.0,,2025-06-24 01:00:00,
175,M-02,Dispersor 2,Molienda,Turno 3 (22-06h),06/04/2025 21:10,06/04/25 21:20,10,L. Fernandez,"PROBLEMA ELECTRICO, SE LLAMO A ELECTRICISTA VER DETALLE ABAJO",2,Falla eléctrica,Eléctrico,keyword,1.0,,2025-04-06 21:10:00,2025-04-06 21:20:00
176,M-08,Filtro prensa,Filtrado,Turno 1 (06-14h),03/01/2025 00:30,03/01/25 00:45,15,A. Rojas,NO HABIA MP SUFICIENTE,3,Falta de materia prima,Insumos,keyword,1.0,queda pendiente repuesto,2025-01-03 00:30:00,2025-01-03 00:45:00
177,M-03,Molino de bolas,Molienda,Turno 2 (14-22h),2025-06-14 21:10,14/06/2025 21.25,15,N. Herrera,"pieza rota, se llamo a mantto",1,Falla mecánica,Mecánico,keyword,1.0,se resolvio en el momento,2025-06-14 21:10:00,2025-06-14 21:25:00
178,M-02,Dispersor 2,Molienda,Turno 1 (06-14h),05/02/2025 03.40,05/02/25 04:40,60,C. Gomez,cortocircuito en motor,2,Falla eléctrica,Eléctrico,keyword,1.0,,2025-02-05 03:40:00,2025-02-05 04:40:00
179,M-01,Dispersor 1,Molienda,Turno 1 (06-14h),18/06/25 09:15,18/06/2025 12.15,180,S. Mendez,no indicado por operario,10,Otro / no especificado,Otro,keyword,1.0,,2025-06-18 09:15:00,2025-06-18 12:15:00
180,M-01,Dispersor 1,Molienda,Turno 1 (06-14h),03/04/2025 10:10,03/04/2025 11.40,90,F. Castro,operario ausente leve,4,Falta de personal / operario,Personal,keyword,1.0,se resolvio en el momento,2025-04-03 10:10:00,2025-04-03 11:40:00
181,M-07,Envasadora línea B,Envasado,Turno 3 (22-06h),2025-05-10 09:50,10/05/25 11:20,90,M. Torres,VARIOS TURNO NOCHE,10,Otro / no especificado,Otro,sin_match,0.0,requiere seguimiento,2025-05-10 09:50:00,2025-05-10 11:20:00
182,M-03,Molino de bolas,Molienda,Turno 1 (06-14h),2025-05-18 10:40,18/05/2025 14:40,240,S. Mendez,lavado de tanque,7,Limpieza / sanitización,Planificado,keyword,1.0,,2025-05-18 10:40:00,2025-05-18 14:40:00
183,M-03,Molino de bolas,Molienda,Turno 1 (06-14h),31-01-2025 00:10,2025-01-31 00:20,10,P. Alvarez,falla mecanica motor principal urgente,1,Falla mecánica,Mecánico,keyword,1.0,se avisó a supervisor,2025-01-31 00:10:00,2025-01-31 00:20:00
184,M-06,Envasadora línea A,Envasado,Turno 2 (14-22h),20/04/2025 08.50,20-04-2025 09:05,15,N. Herrera,"PROBLEMA ELECTRICO, SE LLAMO A ELECTRICISTA",2,Falla eléctrica,Eléctrico,keyword,1.0,se resolvio en el momento,2025-04-20 08:50:00,2025-04-20 09:05:00
185,M-05,Mezcladora 2,Mezclado,Turno 2 (14-22h),27/01/25 18:05,,30,J. Ramirez,mantenimiento preventivo programado,8,Mantenimiento preventivo,Planificado,keyword,1.0,se resolvio en el momento,2025-01-27 18:05:00,
186,M-07,Envasadora línea B,Envasado,Turno 3 (22-06h),27/02/2025 10:15,27-02-2025 11:45,90,M. Torres,corte de energia,2,Falla eléctrica,Eléctrico,keyword,1.0,,2025-02-27 10:15:00,2025-02-27 11:45:00
187,M-02,Dispersor 2,Molienda,Turno 3 (22-06h),30-04-2025 09:20,30/04/2025 10:20,60,J. Ramirez,falla en el tablero electrico,2,Falla eléctrica,Eléctrico,keyword,1.0,se avisó a supervisor,2025-04-30 09:20:00,2025-04-30 10:20:00
188,M-04,Mezcladora 1,Mezclado,Turno 2 (14-22h),20/05/2025 07:10,,10,F. Castro,sin motivo especificado,10,Otro / no especificado,Otro,keyword,1.0,,2025-05-20 07:10:00,
189,M-01,Dispersor 1,Molienda,Turno 2 (14-22h),06/02/2025 22:20,06/02/2025 22:35,15,F. Castro,personal insuficiente urgente,4,Falta de personal / operario,Personal,keyword,1.0,revisar en proximo mantto,2025-02-06 22:20:00,2025-02-06 22:35:00
190,M-10,Etiquetadora,Envasado,Turno 3 (22-06h),26-05-2025 01:40,2025-05-26 02:00,20,P. Alvarez,varios,10,Otro / no especificado,Otro,sin_match,0.0,queda pendiente repuesto,2025-05-26 01:40:00,2025-05-26 02:00:00
191,M-10,Etiquetadora,Envasado,Turno 1 (06-14h),28/01/25 04:05,28/01/25 04:25,20,S. Mendez,MTTO PREVENTIVO SEGUN PLAN,8,Mantenimiento preventivo,Planificado,keyword,1.0,revisar en proximo mantto,2025-01-28 04:05:00,2025-01-28 04:25:00
192,M-05,Mezcladora 2,Mezclado,Turno 3 (22-06h),30/06/2025 22:00,30-06-2025 22:30,30,L. Fernandez,LAVADO EQUIPO,7,Limpieza / sanitización,Planificado,keyword,1.0,queda pendiente repuesto,2025-06-30 22:00:00,2025-06-30 22:30:00
193,M-08,Filtro prensa,Filtrado,Turno 1 (06-14h),2025-05-23 23:50,24/05/2025 00:20,30,C. Gomez,limpieza CIP,7,Limpieza / sanitización,Planificado,keyword,1.0,,2025-05-23 23:50:00,2025-05-24 00:20:00
194,M-10,Etiquetadora,Envasado,Turno 2 (14-22h),31/05/2025 08:05,31/05/2025 08:15,10,A. Rojas,cambio de envase,6,Cambio de formato / setup,Planificado,keyword,1.0,,2025-05-31 08:05:00,2025-05-31 08:15:00
195,M-08,Filtro prensa,Filtrado,Turno 1 (06-14h),08/01/2025 12:40,08-01-2025 13:00,20,C. Gomez,no llegó la resina a tiempo urgente,3,Falta de materia prima,Insumos,keyword,1.0,se resolvio en el momento,2025-01-08 12:40:00,2025-01-08 13:00:00
196,M-09,Tanque de tintometría,Tintometría,Turno 1 (06-14h),03/05/2025 01.05,03/05/25 01:50,45,L. Fernandez,no indicado por operario,10,Otro / no especificado,Otro,keyword,1.0,requiere seguimiento,2025-05-03 01:05:00,2025-05-03 01:50:00
197,M-08,Filtro prensa,Filtrado,Turno 1 (06-14h),30-03-2025 18:50,30/03/25 19:50,60,J. Ramirez,"falta de mp, se esperó a bodega",3,Falta de materia prima,Insumos,keyword,1.0,,2025-03-30 18:50:00,2025-03-30 19:50:00
198,M-03,Molino de bolas,Molienda,Turno 3 (22-06h),26/01/25 07:15,26/01/2025 08.00,45,J. Ramirez,no llegó la resina a tiempo,3,Falta de materia prima,Insumos,keyword,1.0,,2025-01-26 07:15:00,2025-01-26 08:00:00
199,M-06,Envasadora línea A,Envasado,Turno 3 (22-06h),01-06-2025 00:30,01/06/2025 04.30,240,L. Fernandez,revision periodica urgente,8,Mantenimiento preventivo,Planificado,keyword,1.0,se resolvio en el momento,2025-06-01 00:30:00,2025-06-01 04:30:00
200,M-09,Tanque de tintometría,Tintometría,Turno 1 (06-14h),03/05/2025 00:30,2025-05-03 04:30,240,P. Alvarez,sin energia en la linea en linea A,2,Falla eléctrica,Eléctrico,keyword,1.0,revisar en proximo mantto,2025-05-03 00:30:00,2025-05-03 04:30:00
201,M-09,Tanque de tintometría,Tintometría,Turno 3 (22-06h),04/04/25 02:30,04/04/2025 04.00,90,R. Diaz,SE QUEMO UN FUSIBLE,2,Falla eléctrica,Eléctrico,keyword,1.0,,2025-04-04 02:30:00,2025-04-04 04:00:00
202,M-06,Envasadora línea A,Envasado,Turno 3 (22-06h),27/02/2025 21.10,27-02-2025 22:40,90,R. Diaz,fuera de rango de calidad urgente,5,Problema de calidad / reproceso,Calidad,keyword,1.0,,2025-02-27 21:10:00,2025-02-27 22:40:00
203,M-10,Etiquetadora,Envasado,Turno 1 (06-14h),26/02/2025 20:05,2025-02-26 22:05,120,M. Torres,cambio de turno demorado urgente,4,Falta de personal / operario,Personal,keyword,1.0,revisar en proximo mantto,2025-02-26 20:05:00,2025-02-26 22:05:00
204,M-05,Mezcladora 2,Mezclado,Turno 2 (14-22h),28/01/25 23:00,28/01/25 23:10,10,S. Mendez,mtto preventivo segun pla n turno noche,8,Mantenimiento preventivo,Planificado,keyword,1.0,queda pendiente repuesto,2025-01-28 23:00:00,2025-01-28 23:10:00
205,M-10,Etiquetadora,Envasado,Turno 2 (14-22h),16/06/2025 21:15,16/06/25 21:35,20,J. Ramirez,revision de rutina,8,Mantenimiento preventivo,Planificado,keyword,1.0,revisar en proximo mantto,2025-06-16 21:15:00,2025-06-16 21:35:00
206,M-02,Dispersor 2,Molienda,Turno 1 (06-14h),28/03/2025 19:45,28/03/25 19:55,10,C. Gomez,"pieza  rota, se llamo a mantto (2da vez esta semana)",1,Falla mecánica,Mecánico,keyword,1.0,queda pendiente repuesto,2025-03-28 19:45:00,2025-03-28 19:55:00
207,M-09,Tanque de tintometría,Tintometría,Turno 1 (06-14h),09/03/2025 21:20,2025-03-09 22:05,45,S. Mendez,"pieza rota, se llamo a mantto turno noche",1,Falla mecánica,Mecánico,keyword,1.0,se resolvio en el momento,2025-03-09 21:20:00,2025-03-09 22:05:00
208,M-10,Etiquetadora,Envasado,Turno 1 (06-14h),03-05-2025 06:05,2025-05-03 06:15,10,R. Diaz,mantenimiento preventivo programado,8,Mantenimiento preventivo,Planificado,keyword,1.0,se resolvio en el momento,2025-05-03 06:05:00,2025-05-03 06:15:00
209,M-09,Tanque de tintometría,Tintometría,Turno 2 (14-22h),2025-04-10 05:30,10-04-2025 07:00,90,J. Ramirez,fa lta de mano de obra,4,Falta de personal / operario,Personal,keyword,1.0,se resolvio en el momento,2025-04-10 05:30:00,2025-04-10 07:00:00
210,M-06,Envasadora línea A,Envasado,Turno 3 (22-06h),19/05/25 13:15,19/05/2025 16:15,180,F. Castro,limpieza  fin de turno leve,7,Limpieza / sanitización,Planificado,keyword,1.0,requiere seguimiento,2025-05-19 13:15:00,2025-05-19 16:15:00
211,M-01,Dispersor 1,Molienda,Turno 1 (06-14h),2025-05-09 18:50,09/05/2025 22.50,240,A. Rojas,SIN MOTIVO ESPECIFICADO,10,Otro / no especificado,Otro,keyword,1.0,,2025-05-09 18:50:00,2025-05-09 22:50:00
212,M-03,Molino de bolas,Molienda,Turno 3 (22-06h),02/06/25 08:30,02/06/2025 08:45,15,S. Mendez,falla electrica,2,Falla eléctrica,Eléctrico,keyword,1.0,se avisó a supervisor,2025-06-02 08:30:00,2025-06-02 08:45:00
213,M-03,Molino de bolas,Molienda,Turno 2 (14-22h),07-02-2025 18:05,07/02/2025 18.20,15,R. Diaz,Falta de M.P.,3,Falta de materia prima,Insumos,keyword,1.0,revisar en proximo mantto,2025-02-07 18:05:00,2025-02-07 18:20:00
214,M-07,Envasadora línea B,Envasado,Turno 3 (22-06h),06/02/25 19:40,06/02/25 19:50,10,P. Alvarez,falta de mano de obra,4,Falta de personal / operario,Personal,keyword,1.0,,2025-02-06 19:40:00,2025-02-06 19:50:00
215,M-02,Dispersor 2,Molienda,Turno 1 (06-14h),28/02/25 04:20,28-02-2025 06:20,120,S. Mendez,aseo de linea ver detalle abajo,7,Limpieza / sanitización,Planificado,keyword,1.0,,2025-02-28 04:20:00,2025-02-28 06:20:00
216,M-01,Dispersor 1,Molienda,Turno 1 (06-14h),2025-05-12 05:05,12/05/2025 05.50,45,F. Castro,cambio de envase,6,Cambio de formato / setup,Planificado,keyword,1.0,,2025-05-12 05:05:00,2025-05-12 05:50:00
217,M-04,Mezcladora 1,Mezclado,Turno 2 (14-22h),12/03/25 11:45,12/03/25 14:45,180,M. Torres,CAMBIO DE FORMATO (2DA VEZ ESTA SEMANA),6,Cambio de formato / setup,Planificado,keyword,1.0,,2025-03-12 11:45:00,2025-03-12 14:45:00
218,M-03,Molino de bolas,Molienda,Turno 1 (06-14h),2025-03-08 23:05,08/03/2025 23:50,45,C. Gomez,- (2da vez esta semana),10,Otro / no especificado,Otro,sin_match,0.0,,2025-03-08 23:05:00,2025-03-08 23:50:00
219,M-01,Dispersor 1,Molienda,Turno 3 (22-06h),02-05-2025 04:10,02/05/2025 08:10,240,N. Herrera,limpieza para cambio de formato,6,Cambio de formato / setup,Planificado,keyword,1.0,se avisó a supervisor,2025-05-02 04:10:00,2025-05-02 08:10:00
220,M-05,Mezcladora 2,Mezclado,Turno 3 (22-06h),23-06-2025 16:40,,240,P. Alvarez,no vino el operario asignado,4,Falta de personal / operario,Personal,keyword,1.0,"reincidente, ya paso antes",2025-06-23 16:40:00,
221,M-06,Envasadora línea A,Envasado,Turno 2 (14-22h),12-03-2025 08:20,2025-03-12 08:50,30,L. Fernandez,lavado de tanque,7,Limpieza / sanitización,Planificado,keyword,1.0,"reincidente, ya paso antes",2025-03-12 08:20:00,2025-03-12 08:50:00
222,M-07,Envasadora línea B,Envasado,Turno 3 (22-06h),14/04/2025 12.00,14/04/2025 16.00,240,P. Alvarez,falla electrica,2,Falla eléctrica,Eléctrico,keyword,1.0,,2025-04-14 12:00:00,2025-04-14 16:00:00
223,M-09,Tanque de tintometría,Tintometría,Turno 3 (22-06h),16-02-2025 09:05,2025-02-16 11:05,120,F. Castro,fuera de rango de calidad,5,Problema de calidad / reproceso,Calidad,keyword,1.0,,2025-02-16 09:05:00,2025-02-16 11:05:00
224,M-06,Envasadora línea A,Envasado,Turno 1 (06-14h),06/04/25 08:20,06/04/2025 10:20,120,N. Herrera,falla mecánica en el eje,1,Falla mecánica,Mecánico,keyword,1.0,"reincidente, ya paso antes",2025-04-06 08:20:00,2025-04-06 10:20:00
225,M-01,Dispersor 1,Molienda,Turno 1 (06-14h),08/02/25 04:15,08/02/25 05:15,60,A. Rojas,ajustes previos al nuevo lote leve,6,Cambio de formato / setup,Planificado,keyword,1.0,,2025-02-08 04:15:00,2025-02-08 05:15:00
226,M-04,Mezcladora 1,Mezclado,Turno 2 (14-22h),13/02/25 18:10,13/02/2025 20:10,120,S. Mendez,REVISION PERIODICA,8,Mantenimiento preventivo,Planificado,keyword,1.0,queda pendiente repuesto,2025-02-13 18:10:00,2025-02-13 20:10:00
227,M-06,Envasadora línea A,Envasado,Turno 2 (14-22h),16/05/2025 06.00,2025-05-16 06:10,10,P. Alvarez,falta de personal turno noche,4,Falta de personal / operario,Personal,keyword,1.0,,2025-05-16 06:00:00,2025-05-16 06:10:00
228,M-09,Tanque de tintometría,Tintometría,Turno 1 (06-14h),02/06/25 16:30,2025-06-02 18:00,90,A. Rojas,ver observaciones en linea A,10,Otro / no especificado,Otro,vacio_o_generico,1.0,,2025-06-02 16:30:00,2025-06-02 18:00:00
229,M-09,Tanque de tintometría,Tintometría,Turno 1 (06-14h),13/02/2025 03.30,13/02/25 03:40,10,R. Diaz,no ha bia MP suficiente turno noche,3,Falta de materia prima,Insumos,keyword,1.0,"reincidente, ya paso antes",2025-02-13 03:30:00,2025-02-13 03:40:00
230,M-07,Envasadora línea B,Envasado,Turno 2 (14-22h),24/04/25 12:05,24-04-2025 15:05,180,C. Gomez,FALTA DE MP,3,Falta de materia prima,Insumos,keyword,1.0,,2025-04-24 12:05:00,2025-04-24 15:05:00
231,M-02,Dispersor 2,Molienda,Turno 2 (14-22h),11/05/2025 23.05,11/05/2025 23:50,45,A. Rojas,correa cortada,1,Falla mecánica,Mecánico,keyword,1.0,,2025-05-11 23:05:00,2025-05-11 23:50:00
232,M-08,Filtro prensa,Filtrado,Turno 3 (22-06h),23/02/25 22:45,,60,M. Torres,prepa racion de maquina,6,Cambio de formato / setup,Planificado,fuzzy,0.98,"reincidente, ya paso antes",2025-02-23 22:45:00,
233,M-05,Mezcladora 2,Mezclado,Turno 2 (14-22h),14-06-2025 07:45,14-06-2025 08:30,45,M. Torres,SE DISPARO EL TERMICO,2,Falla eléctrica,Eléctrico,keyword,1.0,,2025-06-14 07:45:00,2025-06-14 08:30:00
234,M-01,Dispersor 1,Molienda,Turno 2 (14-22h),03-01-2025 04:10,03-01-2025 05:10,60,N. Herrera,LUBRICACION GENERAL,8,Mantenimiento preventivo,Planificado,keyword,1.0,,2025-01-03 04:10:00,2025-01-03 05:10:00
235,M-07,Envasadora línea B,Envasado,Turno 1 (06-14h),26/06/25 15:40,26/06/2025 16:00,20,J. Ramirez,se disparo el termico,2,Falla eléctrica,Eléctrico,keyword,1.0,,2025-06-26 15:40:00,2025-06-26 16:00:00
236,M-07,Envasadora línea B,Envasado,Turno 1 (06-14h),02/04/2025 19:00,02/04/25 19:20,20,M. Torres,-,10,Otro / no especificado,Otro,sin_match,0.0,se resolvio en el momento,2025-04-02 19:00:00,2025-04-02 19:20:00
237,M-10,Etiquetadora,Envasado,Turno 2 (14-22h),27-02-2025 21:30,28/02/2025 00.30,180,N. Herrera,aseo de linea leve,7,Limpieza / sanitización,Planificado,keyword,1.0,,2025-02-27 21:30:00,2025-02-28 00:30:00
238,M-01,Dispersor 1,Molienda,Turno 2 (14-22h),2025-01-03 20:10,03/01/25 23:10,180,C. Gomez,sin operador disponible,4,Falta de personal / operario,Personal,keyword,1.0,se resolvio en el momento,2025-01-03 20:10:00,2025-01-03 23:10:00
239,M-04,Mezcladora 1,Mezclado,Turno 2 (14-22h),21/01/2025 14:45,21/01/25 18:45,240,A. Rojas,mantenimiento planificado turno noche,8,Mantenimiento preventivo,Planificado,keyword,1.0,,2025-01-21 14:45:00,2025-01-21 18:45:00
240,M-02,Dispersor 2,Molienda,Turno 1 (06-14h),2025-06-04 19:20,04/06/2025 22.20,180,A. Rojas,fa lla mecanica motor principal,1,Falla mecánica,Mecánico,keyword,1.0,revisar en proximo mantto,2025-06-04 19:20:00,2025-06-04 22:20:00
241,M-06,Envasadora línea A,Envasado,Turno 3 (22-06h),26/04/2025 03:05,26/04/2025 03:35,30,R. Diaz,fuera de rango de calidad,5,Problema de calidad / reproceso,Calidad,keyword,1.0,revisar en proximo mantto,2025-04-26 03:05:00,2025-04-26 03:35:00
242,M-07,Envasadora línea B,Envasado,Turno 3 (22-06h),28-01-2025 08:15,28/01/2025 08:45,30,S. Mendez,FALTA MP resina,3,Falta de materia prima,Insumos,keyword,1.0,,2025-01-28 08:15:00,2025-01-28 08:45:00
243,M-08,Filtro prensa,Filtrado,Turno 3 (22-06h),28/04/25 21:50,,20,J. Ramirez,falla mecanica motor principal leve,1,Falla mecánica,Mecánico,keyword,1.0,queda pendiente repuesto,2025-04-28 21:50:00,
244,M-02,Dispersor 2,Molienda,Turno 2 (14-22h),10/04/25 21:30,11/04/25 00:30,180,N. Herrera,a la espera de planificacion,9,Espera de instrucciones / planificación,Planificado,keyword,1.0,,2025-04-10 21:30:00,2025-04-11 00:30:00
245,M-09,Tanque de tintometría,Tintometría,Turno 3 (22-06h),18-03-2025 22:50,18/03/2025 23.50,60,L. Fernandez,MANTENIMIENTO PLANIFICADO,8,Mantenimiento preventivo,Planificado,keyword,1.0,se avisó a supervisor,2025-03-18 22:50:00,2025-03-18 23:50:00
246,M-02,Dispersor 2,Molienda,Turno 2 (14-22h),01/04/25 17:45,01/04/2025 21.45,240,S. Mendez,corte de energia,2,Falla eléctrica,Eléctrico,keyword,1.0,requiere seguimiento,2025-04-01 17:45:00,2025-04-01 21:45:00
247,M-04,Mezcladora 1,Mezclado,Turno 1 (06-14h),10-03-2025 05:20,2025-03-10 06:05,45,R. Diaz,FALTA INSUMO (SOLVENTE) (2DA VEZ ESTA SEMANA),3,Falta de materia prima,Insumos,keyword,1.0,requiere seguimiento,2025-03-10 05:20:00,2025-03-10 06:05:00
248,M-04,Mezcladora 1,Mezclado,Turno 2 (14-22h),15/06/25 17:40,15/06/2025 18.10,30,R. Diaz,reproceso por viscosidad,5,Problema de calidad / reproceso,Calidad,keyword,1.0,,2025-06-15 17:40:00,2025-06-15 18:10:00
249,M-04,Mezcladora 1,Mezclado,Turno 2 (14-22h),08/06/25 14:15,08/06/2025 15.15,60,N. Herrera,AUSENTISMO,4,Falta de personal / operario,Personal,keyword,1.0,,2025-06-08 14:15:00,2025-06-08 15:15:00
250,M-01,Dispersor 1,Molienda,Turno 3 (22-06h),2025-04-20 08:50,2025-04-20 09:35,45,,se disparo el termico turno noche,2,Falla eléctrica,Eléctrico,keyword,1.0,se resolvio en el momento,2025-04-20 08:50:00,2025-04-20 09:35:00
251,M-10,Etiquetadora,Envasado,Turno 3 (22-06h),19/06/2025 09:45,19/06/2025 13.45,240,P. Alvarez,FALTA MP resina,3,Falta de materia prima,Insumos,keyword,1.0,,2025-06-19 09:45:00,2025-06-19 13:45:00
252,M-04,Mezcladora 1,Mezclado,Turno 3 (22-06h),24/02/2025 21:30,24-02-2025 22:30,60,N. Herrera,a  la espera de planificacion,9,Espera de instrucciones / planificación,Planificado,keyword,1.0,requiere seguimiento,2025-02-24 21:30:00,2025-02-24 22:30:00
253,M-10,Etiquetadora,Envasado,Turno 3 (22-06h),04-03-2025 01:30,04/03/2025 03:00,90,F. Castro,"pieza rota, se llamo a mantto",1,Falla mecánica,Mecánico,keyword,1.0,,2025-03-04 01:30:00,2025-03-04 03:00:00
254,M-04,Mezcladora 1,Mezclado,Turno 1 (06-14h),2025-03-24 16:05,2025-03-24 16:20,15,F. Castro,ESPERA DE APROBACION DE LABORATORIO,9,Espera de instrucciones / planificación,Planificado,keyword,1.0,,2025-03-24 16:05:00,2025-03-24 16:20:00
255,M-07,Envasadora línea B,Envasado,Turno 1 (06-14h),15-06-2025 02:10,15/06/25 02:20,10,J. Ramirez,operario ausente leve,4,Falta de personal / operario,Personal,keyword,1.0,,2025-06-15 02:10:00,2025-06-15 02:20:00
256,M-07,Envasadora línea B,Envasado,Turno 1 (06-14h),26/04/2025 20.40,,90,M. Torres,sin orden de produccion,9,Espera de instrucciones / planificación,Planificado,keyword,1.0,"reincidente, ya paso antes",2025-04-26 20:40:00,
257,M-05,Mezcladora 2,Mezclado,Turno 1 (06-14h),2025-06-05 02:20,05/06/25 04:20,120,J. Ramirez,Falta de MP,3,Falta de materia prima,Insumos,keyword,1.0,requiere seguimiento,2025-06-05 02:20:00,2025-06-05 04:20:00
258,M-06,Envasadora línea A,Envasado,Turno 3 (22-06h),03/01/2025 17:50,03/01/2025 18:10,20,N. Herrera,operario en otra tarea,4,Falta de personal / operario,Personal,keyword,1.0,requiere seguimiento,2025-01-03 17:50:00,2025-01-03 18:10:00
259,M-07,Envasadora línea B,Envasado,Turno 3 (22-06h),15/06/2025 16.10,2025-06-15 16:30,20,R. Diaz,parada por limpieza,7,Limpieza / sanitización,Planificado,keyword,1.0,,2025-06-15 16:10:00,2025-06-15 16:30:00
260,M-02,Dispersor 2,Molienda,Turno 1 (06-14h),06-03-2025 03:15,06/03/25 07:15,240,P. Alvarez,falta insumo (solvente),3,Falta de materia prima,Insumos,keyword,1.0,,2025-03-06 03:15:00,2025-03-06 07:15:00
261,M-10,Etiquetadora,Envasado,Turno 1 (06-14h),18-06-2025 09:10,18/06/2025 13.10,240,P. Alvarez,varios,10,Otro / no especificado,Otro,sin_match,0.0,,2025-06-18 09:10:00,2025-06-18 13:10:00
262,M-06,Envasadora línea A,Envasado,Turno 1 (06-14h),04/02/2025 21.30,04/02/25 23:30,120,R. Diaz,cambio de color,6,Cambio de formato / setup,Planificado,keyword,1.0,,2025-02-04 21:30:00,2025-02-04 23:30:00
263,M-05,Mezcladora 2,Mezclado,Turno 1 (06-14h),10/06/2025 02:05,10/06/2025 02.15,10,N. Herrera,FUGA DE ACEITE HIDRAULICO,1,Falla mecánica,Mecánico,keyword,1.0,"reincidente, ya paso antes",2025-06-10 02:05:00,2025-06-10 02:15:00
264,M-03,Molino de bolas,Molienda,Turno 2 (14-22h),04/04/2025 12.15,04-04-2025 16:15,240,F. Castro,esperando aprobacion de formula,9,Espera de instrucciones / planificación,Planificado,keyword,1.0,queda pendiente repuesto,2025-04-04 12:15:00,2025-04-04 16:15:00
265,M-03,Molino de bolas,Molienda,Turno 3 (22-06h),12/05/25 04:45,2025-05-12 05:05,20,N. Herrera,no habia MP suficiente,3,Falta de materia prima,Insumos,keyword,1.0,,2025-05-12 04:45:00,2025-05-12 05:05:00
266,M-04,Mezcladora 1,Mezclado,Turno 3 (22-06h),11-01-2025 21:15,12-01-2025 00:15,180,A. Rojas,mantenimiento preventivo programado (2da vez esta semana),8,Mantenimiento preventivo,Planificado,keyword,1.0,,2025-01-11 21:15:00,2025-01-12 00:15:00
267,M-10,Etiquetadora,Envasado,Turno 1 (06-14h),20/05/2025 18.10,20/05/25 19:40,90,M. Torres,correa cortada,1,Falla mecánica,Mecánico,keyword,1.0,queda pendiente repuesto,2025-05-20 18:10:00,2025-05-20 19:40:00
268,M-10,Etiquetadora,Envasado,Turno 1 (06-14h),2025-01-02 16:10,2025-01-02 18:10,120,F. Castro,ausentismo,4,Falta de personal / operario,Personal,keyword,1.0,,2025-01-02 16:10:00,2025-01-02 18:10:00
269,M-07,Envasadora línea B,Envasado,Turno 1 (06-14h),2025-03-26 23:05,27/03/25 01:05,120,N. Herrera,fluctuacion de voltaje,2,Falla eléctrica,Eléctrico,keyword,1.0,queda pendiente repuesto,2025-03-26 23:05:00,2025-03-27 01:05:00
270,M-01,Dispersor 1,Molienda,Turno 3 (22-06h),27/05/2025 04:00,27-05-2025 04:20,20,F. Castro,FALTA MP resina,3,Falta de materia prima,Insumos,keyword,1.0,"reincidente, ya paso antes",2025-05-27 04:00:00,2025-05-27 04:20:00
271,M-03,Molino de bolas,Molienda,Turno 2 (14-22h),26/02/2025 13.10,2025-02-26 17:10,240,F. Castro,lavado de tanque urgente,7,Limpieza / sanitización,Planificado,keyword,1.0,revisar en proximo mantto,2025-02-26 13:10:00,2025-02-26 17:10:00
272,M-09,Tanque de tintometría,Tintometría,Turno 1 (06-14h),10/05/2025 21.40,10/05/2025 22.00,20,A. Rojas,VARIOS (2DA VEZ ESTA SEMANA),10,Otro / no especificado,Otro,sin_match,0.0,"reincidente, ya paso antes",2025-05-10 21:40:00,2025-05-10 22:00:00
273,M-01,Dispersor 1,Molienda,Turno 1 (06-14h),23/06/25 20:40,23/06/25 23:40,180,J. Ramirez,SIN ORDEN DE PRODUCCION LEVE,9,Espera de instrucciones / planificación,Planificado,keyword,1.0,queda pendiente repuesto,2025-06-23 20:40:00,2025-06-23 23:40:00
274,M-10,Etiquetadora,Envasado,Turno 2 (14-22h),26-01-2025 13:10,26/01/25 13:55,45,M. Torres,ausentismo,4,Falta de personal / operario,Personal,keyword,1.0,requiere seguimiento,2025-01-26 13:10:00,2025-01-26 13:55:00
275,M-02,Dispersor 2,Molienda,Turno 2 (14-22h),14-05-2025 00:40,14-05-2025 01:10,30,M. Torres,cambio de formato,6,Cambio de formato / setup,Planificado,keyword,1.0,"reincidente, ya paso antes",2025-05-14 00:40:00,2025-05-14 01:10:00
276,M-07,Envasadora línea B,Envasado,Turno 2 (14-22h),22/02/2025 13.50,22/02/25 16:50,180,F. Castro,"detenido, esperando definicion",9,Espera de instrucciones / planificación,Planificado,keyword,1.0,se avisó a supervisor,2025-02-22 13:50:00,2025-02-22 16:50:00
277,M-04,Mezcladora 1,Mezclado,Turno 3 (22-06h),25/04/2025 22:10,2025-04-25 22:25,15,P. Alvarez,lubricacion general,8,Mantenimiento preventivo,Planificado,keyword,1.0,"reincidente, ya paso antes",2025-04-25 22:10:00,2025-04-25 22:25:00
278,M-03,Molino de bolas,Molienda,Turno 3 (22-06h),01/05/25 19:40,01/05/2025 19:55,15,P. Alvarez,CORTOCIRCUITO EN MOTOR,2,Falla eléctrica,Eléctrico,keyword,1.0,,2025-05-01 19:40:00,2025-05-01 19:55:00
279,M-01,Dispersor 1,Molienda,Turno 3 (22-06h),14/02/2025 20.45,14/02/2025 22:45,120,F. Castro,cambio de turno demorado,4,Falta de personal / operario,Personal,keyword,1.0,,2025-02-14 20:45:00,2025-02-14 22:45:00
280,M-01,Dispersor 1,Molienda,Turno 1 (06-14h),10/02/2025 02:20,10-02-2025 03:50,90,S. Mendez,parada por reprogramacion,9,Espera de instrucciones / planificación,Planificado,keyword,1.0,requiere seguimiento,2025-02-10 02:20:00,2025-02-10 03:50:00
281,M-06,Envasadora línea A,Envasado,Turno 1 (06-14h),30/03/25 08:15,2025-03-30 12:15,240,S. Mendez,correa cortada,1,Falla mecánica,Mecánico,keyword,1.0,se avisó a supervisor,2025-03-30 08:15:00,2025-03-30 12:15:00
282,M-02,Dispersor 2,Molienda,Turno 2 (14-22h),12/05/25 08:50,12-05-2025 12:50,240,S. Mendez,sin orden de produccion,9,Espera de instrucciones / planificación,Planificado,keyword,1.0,,2025-05-12 08:50:00,2025-05-12 12:50:00
283,M-07,Envasadora línea B,Envasado,Turno 1 (06-14h),12-06-2025 07:15,12/06/25 08:15,60,F. Castro,falla de calidad detectada por supervisor,5,Problema de calidad / reproceso,Calidad,keyword,1.0,se avisó a supervisor,2025-06-12 07:15:00,2025-06-12 08:15:00
284,M-03,Molino de bolas,Molienda,Turno 1 (06-14h),2025-05-02 10:30,02/05/2025 11.00,30,L. Fernandez,fa lla mecanica motor principal,1,Falla mecánica,Mecánico,keyword,1.0,,2025-05-02 10:30:00,2025-05-02 11:00:00
285,M-02,Dispersor 2,Molienda,Turno 2 (14-22h),31/01/2025 02.45,31/01/2025 06:45,240,F. Castro,parada por limpieza turno noche,7,Limpieza / sanitización,Planificado,keyword,1.0,se resolvio en el momento,2025-01-31 02:45:00,2025-01-31 06:45:00
286,M-05,Mezcladora 2,Mezclado,Turno 2 (14-22h),06/05/25 05:50,06/05/25 06:35,45,N. Herrera,mtto preventivo segun plan,8,Mantenimiento preventivo,Planificado,keyword,1.0,requiere seguimiento,2025-05-06 05:50:00,2025-05-06 06:35:00
287,M-03,Molino de bolas,Molienda,Turno 3 (22-06h),28/04/2025 03:50,28-04-2025 05:50,120,J. Ramirez,esperando instrucciones,9,Espera de instrucciones / planificación,Planificado,keyword,1.0,queda pendiente repuesto,2025-04-28 03:50:00,2025-04-28 05:50:00
288,M-04,Mezcladora 1,Mezclado,Turno 2 (14-22h),10/03/25 15:30,2025-03-10 16:30,60,L. Fernandez,chequeo preventivo mensual,8,Mantenimiento preventivo,Planificado,keyword,1.0,revisar en proximo mantto,2025-03-10 15:30:00,2025-03-10 16:30:00
289,M-02,Dispersor 2,Molienda,Turno 1 (06-14h),11/03/25 07:50,11/03/25 09:20,90,C. Gomez,lavado equipo turno noche,7,Limpieza / sanitización,Planificado,keyword,1.0,,2025-03-11 07:50:00,2025-03-11 09:20:00
290,M-06,Envasadora línea A,Envasado,Turno 1 (06-14h),05-05-2025 09:20,05/05/2025 12.20,180,M. Torres,parada por control de calidad,5,Problema de calidad / reproceso,Calidad,keyword,1.0,,2025-05-05 09:20:00,2025-05-05 12:20:00
291,M-09,Tanque de tintometría,Tintometría,Turno 3 (22-06h),23/05/2025 08.30,23/05/25 08:40,10,N. Herrera,reproceso por viscosidad,5,Problema de calidad / reproceso,Calidad,keyword,1.0,"reincidente, ya paso antes",2025-05-23 08:30:00,2025-05-23 08:40:00
292,M-08,Filtro prensa,Filtrado,Turno 3 (22-06h),21/01/25 12:20,2025-01-21 14:20,120,P. Alvarez,"problema electrico, se llamo a electricista",2,Falla eléctrica,Eléctrico,keyword,1.0,"reincidente, ya paso antes",2025-01-21 12:20:00,2025-01-21 14:20:00
293,M-05,Mezcladora 2,Mezclado,Turno 2 (14-22h),04/06/25 20:40,04/06/25 21:25,45,P. Alvarez,rotura de rodamiento turno noche,1,Falla mecánica,Mecánico,keyword,1.0,requiere seguimiento,2025-06-04 20:40:00,2025-06-04 21:25:00
294,M-05,Mezcladora 2,Mezclado,Turno 3 (22-06h),29/06/2025 23:05,2025-06-29 23:35,30,M. Torres,CORTE DE ENERGIA,2,Falla eléctrica,Eléctrico,keyword,1.0,se resolvio en el momento,2025-06-29 23:05:00,2025-06-29 23:35:00
295,M-10,Etiquetadora,Envasado,Turno 1 (06-14h),09/02/2025 02.40,2025-02-09 03:25,45,R. Diaz,"falta de mp, se esperó a bodega",3,Falta de materia prima,Insumos,keyword,1.0,,2025-02-09 02:40:00,2025-02-09 03:25:00
296,M-08,Filtro prensa,Filtrado,Turno 2 (14-22h),30/04/2025 17.20,30/04/25 20:20,180,F. Castro,falla electrica ver detalle abajo,2,Falla eléctrica,Eléctrico,keyword,1.0,"reincidente, ya paso antes",2025-04-30 17:20:00,2025-04-30 20:20:00
297,M-08,Filtro prensa,Filtrado,Turno 1 (06-14h),19/05/2025 07.05,19-05-2025 09:05,120,R. Diaz,operario en otra tarea,4,Falta de personal / operario,Personal,keyword,1.0,,2025-05-19 07:05:00,2025-05-19 09:05:00
298,M-08,Filtro prensa,Filtrado,Turno 2 (14-22h),03/05/2025 09.00,03-05-2025 10:30,90,J. Ramirez,fluctuacion de voltaje,2,Falla eléctrica,Eléctrico,keyword,1.0,,2025-05-03 09:00:00,2025-05-03 10:30:00
299,M-07,Envasadora línea B,Envasado,Turno 2 (14-22h),26/02/2025 08.05,2025-02-26 09:35,90,N. Herrera,no vino el operario asignado leve,4,Falta de personal / operario,Personal,keyword,1.0,se avisó a supervisor,2025-02-26 08:05:00,2025-02-26 09:35:00
300,M-08,Filtro prensa,Filtrado,Turno 1 (06-14h),2025-06-08 14:20,08/06/25 18:20,240,J. Ramirez,limpieza entre lotes en linea A,7,Limpieza / sanitización,Planificado,keyword,1.0,requiere seguimiento,2025-06-08 14:20:00,2025-06-08 18:20:00
301,M-04,Mezcladora 1,Mezclado,Turno 2 (14-22h),24/01/25 04:00,2025-01-24 06:00,120,R. Diaz,Fuga de aceite hidraulico,1,Falla mecánica,Mecánico,keyword,1.0,se resolvio en el momento,2025-01-24 04:00:00,2025-01-24 06:00:00
302,M-02,Dispersor 2,Molienda,Turno 2 (14-22h),20/05/25 15:10,20-05-2025 15:40,30,J. Ramirez,ESPERANDO MATERIAL DEL PROVEEDOR TURNO NOCHE,3,Falta de materia prima,Insumos,keyword,1.0,,2025-05-20 15:10:00,2025-05-20 15:40:00
303,M-04,Mezcladora 1,Mezclado,Turno 3 (22-06h),02/05/2025 12:20,2025-05-02 13:20,60,J. Ramirez,cambio de formato leve,6,Cambio de formato / setup,Planificado,keyword,1.0,requiere seguimiento,2025-05-02 12:20:00,2025-05-02 13:20:00
304,M-04,Mezcladora 1,Mezclado,Turno 1 (06-14h),29/01/2025 07:40,29/01/2025 08:40,60,R. Diaz,lavado equipo,7,Limpieza / sanitización,Planificado,keyword,1.0,queda pendiente repuesto,2025-01-29 07:40:00,2025-01-29 08:40:00
305,M-06,Envasadora línea A,Envasado,Turno 1 (06-14h),23-01-2025 07:10,23/01/2025 09:10,120,P. Alvarez,Falta de M.P.,3,Falta de materia prima,Insumos,keyword,1.0,,2025-01-23 07:10:00,2025-01-23 09:10:00
306,M-09,Tanque de tintometría,Tintometría,Turno 1 (06-14h),15/06/25 11:45,15/06/2025 12:15,30,P. Alvarez,FALLA ELECT. PANEL CONTROL,2,Falla eléctrica,Eléctrico,keyword,1.0,se avisó a supervisor,2025-06-15 11:45:00,2025-06-15 12:15:00
307,M-03,Molino de bolas,Molienda,Turno 1 (06-14h),20/05/2025 11:30,20-05-2025 13:30,120,N. Herrera,reproceso por color no conforme,5,Problema de calidad / reproceso,Calidad,keyword,1.0,requiere seguimiento,2025-05-20 11:30:00,2025-05-20 13:30:00
308,M-08,Filtro prensa,Filtrado,Turno 1 (06-14h),01-01-2025 20:50,2025-01-01 22:20,90,N. Herrera,a la espera de planificacion,9,Espera de instrucciones / planificación,Planificado,keyword,1.0,"reincidente, ya paso antes",2025-01-01 20:50:00,2025-01-01 22:20:00
309,M-09,Tanque de tintometría,Tintometría,Turno 1 (06-14h),2025-02-09 19:20,09/02/25 20:20,60,M. Torres,correa cortada,1,Falla mecánica,Mecánico,keyword,1.0,,2025-02-09 19:20:00,2025-02-09 20:20:00
310,M-07,Envasadora línea B,Envasado,Turno 1 (06-14h),2025-06-18 15:50,18/06/2025 19.50,240,P. Alvarez,fa lla electrica (2da vez esta semana),2,Falla eléctrica,Eléctrico,keyword,1.0,,2025-06-18 15:50:00,2025-06-18 19:50:00
311,M-07,Envasadora línea B,Envasado,Turno 1 (06-14h),05/04/2025 22.00,06-04-2025 02:00,240,M. Torres,reproceso por viscosidad,5,Problema de calidad / reproceso,Calidad,keyword,1.0,,2025-04-05 22:00:00,2025-04-06 02:00:00
312,M-09,Tanque de tintometría,Tintometría,Turno 2 (14-22h),18/06/25 07:10,18/06/2025 10.10,180,M. Torres,rotura de rodamiento,1,Falla mecánica,Mecánico,keyword,1.0,"reincidente, ya paso antes",2025-06-18 07:10:00,2025-06-18 10:10:00
313,M-03,Molino de bolas,Molienda,Turno 3 (22-06h),17/05/25 19:45,17-05-2025 20:45,60,P. Alvarez,operario ausente turno noche,4,Falta de personal / operario,Personal,keyword,1.0,queda pendiente repuesto,2025-05-17 19:45:00,2025-05-17 20:45:00
314,M-05,Mezcladora 2,Mezclado,Turno 1 (06-14h),03-04-2025 14:45,03/04/2025 16:15,90,R. Diaz,cambio de filtros programado urgente,8,Mantenimiento preventivo,Planificado,keyword,1.0,requiere seguimiento,2025-04-03 14:45:00,2025-04-03 16:15:00
315,M-05,Mezcladora 2,Mezclado,Turno 1 (06-14h),22-05-2025 16:50,22/05/2025 20.50,240,J. Ramirez,sin insumo pigmento,3,Falta de materia prima,Insumos,keyword,1.0,,2025-05-22 16:50:00,2025-05-22 20:50:00
316,M-07,Envasadora línea B,Envasado,Turno 3 (22-06h),26-05-2025 06:05,26/05/25 07:05,60,N. Herrera,ca mbio de filtros programado ver detalle abajo,8,Mantenimiento preventivo,Planificado,fuzzy,0.98,,2025-05-26 06:05:00,2025-05-26 07:05:00
317,M-06,Envasadora línea A,Envasado,Turno 1 (06-14h),31-03-2025 13:40,2025-03-31 13:55,15,N. Herrera,Falta de M.P.,3,Falta de materia prima,Insumos,keyword,1.0,queda pendiente repuesto,2025-03-31 13:40:00,2025-03-31 13:55:00
318,M-04,Mezcladora 1,Mezclado,Turno 2 (14-22h),2025-02-09 01:40,09/02/2025 03.40,120,M. Torres,esperando instrucciones,9,Espera de instrucciones / planificación,Planificado,keyword,1.0,se avisó a supervisor,2025-02-09 01:40:00,2025-02-09 03:40:00
319,M-05,Mezcladora 2,Mezclado,Turno 2 (14-22h),22/01/2025 12.50,2025-01-22 14:20,90,A. Rojas,fluctuacion de voltaje urgente,2,Falla eléctrica,Eléctrico,keyword,1.0,se resolvio en el momento,2025-01-22 12:50:00,2025-01-22 14:20:00
320,M-02,Dispersor 2,Molienda,Turno 1 (06-14h),10-03-2025 13:30,10/03/2025 17:30,240,S. Mendez,ajustes previos al nuevo lote,6,Cambio de formato / setup,Planificado,keyword,1.0,revisar en proximo mantto,2025-03-10 13:30:00,2025-03-10 17:30:00
321,M-06,Envasadora línea A,Envasado,Turno 1 (06-14h),07/06/2025 14:10,07/06/2025 16:10,120,L. Fernandez,cambio de filtros programado,8,Mantenimiento preventivo,Planificado,keyword,1.0,revisar en proximo mantto,2025-06-07 14:10:00,2025-06-07 16:10:00
322,M-05,Mezcladora 2,Mezclado,Turno 1 (06-14h),2025-01-04 10:05,04/01/25 10:50,45,P. Alvarez,falla mecanica urgente,1,Falla mecánica,Mecánico,keyword,1.0,requiere seguimiento,2025-01-04 10:05:00,2025-01-04 10:50:00
323,M-03,Molino de bolas,Molienda,Turno 1 (06-14h),27-06-2025 22:00,27/06/2025 23.30,90,F. Castro,espera de aprobacion de laboratorio,9,Espera de instrucciones / planificación,Planificado,keyword,1.0,,2025-06-27 22:00:00,2025-06-27 23:30:00
324,M-02,Dispersor 2,Molienda,Turno 3 (22-06h),10/04/2025 21:20,,60,S. Mendez,cambio de boquilla,6,Cambio de formato / setup,Planificado,keyword,1.0,queda pendiente repuesto,2025-04-10 21:20:00,
325,M-09,Tanque de tintometría,Tintometría,Turno 3 (22-06h),2025-04-28 17:00,2025-04-28 17:10,10,R. Diaz,mtto preventivo segun plan,8,Mantenimiento preventivo,Planificado,keyword,1.0,queda pendiente repuesto,2025-04-28 17:00:00,2025-04-28 17:10:00
326,M-09,Tanque de tintometría,Tintometría,Turno 2 (14-22h),2025-03-12 01:20,12/03/2025 02:50,90,R. Diaz,esperando material del proveedor,3,Falta de materia prima,Insumos,keyword,1.0,revisar en proximo mantto,2025-03-12 01:20:00,2025-03-12 02:50:00
327,M-04,Mezcladora 1,Mezclado,Turno 1 (06-14h),2025-04-17 07:10,17-04-2025 08:40,90,P. Alvarez,falla mecanica motor principal,1,Falla mecánica,Mecánico,keyword,1.0,,2025-04-17 07:10:00,2025-04-17 08:40:00
328,M-09,Tanque de tintometría,Tintometría,Turno 1 (06-14h),04-02-2025 13:10,2025-02-04 17:10,240,F. Castro,otros motivos,10,Otro / no especificado,Otro,sin_match,0.0,,2025-02-04 13:10:00,2025-02-04 17:10:00
329,M-07,Envasadora línea B,Envasado,Turno 3 (22-06h),19-03-2025 14:20,2025-03-19 14:40,20,,falla electrica,2,Falla eléctrica,Eléctrico,keyword,1.0,"reincidente, ya paso antes",2025-03-19 14:20:00,2025-03-19 14:40:00
330,M-01,Dispersor 1,Molienda,Turno 1 (06-14h),02/04/25 02:45,02/04/2025 03.05,20,A. Rojas,no indicado por operario,10,Otro / no especificado,Otro,keyword,1.0,revisar en proximo mantto,2025-04-02 02:45:00,2025-04-02 03:05:00
331,M-01,Dispersor 1,Molienda,Turno 3 (22-06h),11-03-2025 13:15,2025-03-11 13:45,30,A. Rojas,correccion de formula turno noche,5,Problema de calidad / reproceso,Calidad,keyword,1.0,se resolvio en el momento,2025-03-11 13:15:00,2025-03-11 13:45:00
332,M-07,Envasadora línea B,Envasado,Turno 1 (06-14h),22/03/2025 12.50,22/03/2025 15:50,180,A. Rojas,"lote no cumple especificacion, se detiene",5,Problema de calidad / reproceso,Calidad,keyword,1.0,,2025-03-22 12:50:00,2025-03-22 15:50:00
333,M-01,Dispersor 1,Molienda,Turno 2 (14-22h),18/02/2025 09.45,18-02-2025 11:15,90,R. Diaz,"DETENIDO, ESPERANDO DEFINICION",9,Espera de instrucciones / planificación,Planificado,keyword,1.0,queda pendiente repuesto,2025-02-18 09:45:00,2025-02-18 11:15:00
334,M-02,Dispersor 2,Molienda,Turno 1 (06-14h),09/05/25 03:10,09/05/2025 07.10,240,S. Mendez,falta insumo (solvente),3,Falta de materia prima,Insumos,keyword,1.0,,2025-05-09 03:10:00,2025-05-09 07:10:00
335,M-03,Molino de bolas,Molienda,Turno 3 (22-06h),2025-02-01 02:05,01-02-2025 04:05,120,S. Mendez,SIN MOTIVO ESPECIFICADO,10,Otro / no especificado,Otro,keyword,1.0,requiere seguimiento,2025-02-01 02:05:00,2025-02-01 04:05:00
336,M-10,Etiquetadora,Envasado,Turno 3 (22-06h),18/06/25 04:10,2025-06-18 04:30,20,J. Ramirez,operario en otra tarea,4,Falta de personal / operario,Personal,keyword,1.0,se avisó a supervisor,2025-06-18 04:10:00,2025-06-18 04:30:00
337,M-05,Mezcladora 2,Mezclado,Turno 1 (06-14h),04/01/2025 14.45,04/01/2025 16.45,120,N. Herrera,limpieza  de filtros turno noche,7,Limpieza / sanitización,Planificado,keyword,1.0,,2025-01-04 14:45:00,2025-01-04 16:45:00
338,M-04,Mezcladora 1,Mezclado,Turno 1 (06-14h),21/05/2025 08:50,21/05/2025 09:20,30,J. Ramirez,CORRECCION DE FORMULA,5,Problema de calidad / reproceso,Calidad,keyword,1.0,,2025-05-21 08:50:00,2025-05-21 09:20:00
339,M-07,Envasadora línea B,Envasado,Turno 3 (22-06h),15/02/2025 05.20,15/02/2025 09.20,240,F. Castro,no indica do por operario,10,Otro / no especificado,Otro,keyword,1.0,se resolvio en el momento,2025-02-15 05:20:00,2025-02-15 09:20:00
340,M-02,Dispersor 2,Molienda,Turno 3 (22-06h),2025-04-20 17:05,20/04/25 17:50,45,R. Diaz,mantenimiento preventivo programado ver detalle abajo,8,Mantenimiento preventivo,Planificado,keyword,1.0,queda pendiente repuesto,2025-04-20 17:05:00,2025-04-20 17:50:00
341,M-02,Dispersor 2,Molienda,Turno 2 (14-22h),2025-05-04 23:20,05/05/2025 00.50,90,R. Diaz,cambio de boquilla urgente,6,Cambio de formato / setup,Planificado,keyword,1.0,"reincidente, ya paso antes",2025-05-04 23:20:00,2025-05-05 00:50:00
342,M-03,Molino de bolas,Molienda,Turno 3 (22-06h),2025-06-06 07:20,06/06/2025 07:50,30,A. Rojas,no indicado por operario,10,Otro / no especificado,Otro,keyword,1.0,,2025-06-06 07:20:00,2025-06-06 07:50:00
343,M-04,Mezcladora 1,Mezclado,Turno 2 (14-22h),03/01/2025 20:15,03-01-2025 21:00,45,R. Diaz,pendiente de detalle,10,Otro / no especificado,Otro,keyword,1.0,requiere seguimiento,2025-01-03 20:15:00,2025-01-03 21:00:00
344,M-01,Dispersor 1,Molienda,Turno 1 (06-14h),14/02/25 06:30,14/02/25 07:30,60,J. Ramirez,"pieza rota, se llamo a mantto",1,Falla mecánica,Mecánico,keyword,1.0,se resolvio en el momento,2025-02-14 06:30:00,2025-02-14 07:30:00
345,M-01,Dispersor 1,Molienda,Turno 1 (06-14h),2025-05-14 09:30,,180,N. Herrera,sin programa de produccion,9,Espera de instrucciones / planificación,Planificado,keyword,1.0,revisar en proximo mantto,2025-05-14 09:30:00,
346,M-03,Molino de bolas,Molienda,Turno 3 (22-06h),27/05/2025 19:40,27/05/2025 20.00,20,R. Diaz,limpieza programada,7,Limpieza / sanitización,Planificado,keyword,1.0,revisar en proximo mantto,2025-05-27 19:40:00,2025-05-27 20:00:00
347,M-05,Mezcladora 2,Mezclado,Turno 2 (14-22h),25/02/2025 16.20,25/02/2025 16:40,20,J. Ramirez,limpieza entre lotes turno noche,7,Limpieza / sanitización,Planificado,keyword,1.0,,2025-02-25 16:20:00,2025-02-25 16:40:00
348,M-08,Filtro prensa,Filtrado,Turno 1 (06-14h),15/05/2025 09:30,15/05/2025 09:50,20,F. Castro,no llegó la resina a tiempo,3,Falta de materia prima,Insumos,keyword,1.0,,2025-05-15 09:30:00,2025-05-15 09:50:00
349,M-01,Dispersor 1,Molienda,Turno 1 (06-14h),25/06/2025 19.05,25/06/25 20:05,60,M. Torres,"se detecto defecto, se pa ro linea",5,Problema de calidad / reproceso,Calidad,keyword,1.0,se avisó a supervisor,2025-06-25 19:05:00,2025-06-25 20:05:00
350,M-06,Envasadora línea A,Envasado,Turno 3 (22-06h),23/04/2025 21.05,2025-04-23 21:50,45,,parada por limpieza,7,Limpieza / sanitización,Planificado,keyword,1.0,"reincidente, ya paso antes",2025-04-23 21:05:00,2025-04-23 21:50:00
351,M-05,Mezcladora 2,Mezclado,Turno 1 (06-14h),27/05/2025 07:10,27-05-2025 07:25,15,P. Alvarez,falla mecánica en el eje,1,Falla mecánica,Mecánico,keyword,1.0,,2025-05-27 07:10:00,2025-05-27 07:25:00
352,M-10,Etiquetadora,Envasado,Turno 1 (06-14h),01/06/25 20:45,02-06-2025 00:45,240,L. Fernandez,PRODUCTO FUERA DE ESPECIFICACION EN LINEA A,5,Problema de calidad / reproceso,Calidad,keyword,1.0,requiere seguimiento,2025-06-01 20:45:00,2025-06-02 00:45:00
353,M-08,Filtro prensa,Filtrado,Turno 2 (14-22h),01/05/25 07:15,01/05/2025 07.35,20,P. Alvarez,n/a leve,10,Otro / no especificado,Otro,sin_match,0.0,revisar en proximo mantto,2025-05-01 07:15:00,2025-05-01 07:35:00
354,M-03,Molino de bolas,Molienda,Turno 2 (14-22h),14/03/2025 11.10,14/03/2025 14:10,180,M. Torres,producto fuera de especificacion en linea A,5,Problema de calidad / reproceso,Calidad,keyword,1.0,,2025-03-14 11:10:00,2025-03-14 14:10:00
355,M-03,Molino de bolas,Molienda,Turno 3 (22-06h),04-05-2025 12:05,2025-05-04 13:05,60,N. Herrera,"se detecto defecto, se paro linea",5,Problema de calidad / reproceso,Calidad,keyword,1.0,queda pendiente repuesto,2025-05-04 12:05:00,2025-05-04 13:05:00
356,M-10,Etiquetadora,Envasado,Turno 1 (06-14h),05/05/2025 03.45,05/05/2025 04.45,60,A. Rojas,PARADA POR REPROGRAMACION LEVE,9,Espera de instrucciones / planificación,Planificado,keyword,1.0,queda pendiente repuesto,2025-05-05 03:45:00,2025-05-05 04:45:00
357,M-01,Dispersor 1,Molienda,Turno 2 (14-22h),24/01/2025 06.10,24/01/2025 10:10,240,C. Gomez,"vibracion anormal, se detuvo por precaucion",1,Falla mecánica,Mecánico,keyword,1.0,se avisó a supervisor,2025-01-24 06:10:00,2025-01-24 10:10:00
358,M-05,Mezcladora 2,Mezclado,Turno 2 (14-22h),22/04/2025 22:30,,15,F. Castro,- leve,10,Otro / no especificado,Otro,sin_match,0.0,,2025-04-22 22:30:00,
359,M-06,Envasadora línea A,Envasado,Turno 2 (14-22h),29/01/25 09:00,29/01/25 09:30,30,S. Mendez,REVISION DE RUTINA,8,Mantenimiento preventivo,Planificado,keyword,1.0,queda pendiente repuesto,2025-01-29 09:00:00,2025-01-29 09:30:00
360,M-07,Envasadora línea B,Envasado,Turno 3 (22-06h),03/04/25 13:10,2025-04-03 13:55,45,M. Torres,operario en otra tarea turno noche,4,Falta de personal / operario,Personal,keyword,1.0,,2025-04-03 13:10:00,2025-04-03 13:55:00
361,M-10,Etiquetadora,Envasado,Turno 1 (06-14h),19/04/25 19:10,19/04/2025 21.10,120,A. Rojas,sin operador disponible leve,4,Falta de personal / operario,Personal,keyword,1.0,,2025-04-19 19:10:00,2025-04-19 21:10:00
362,M-09,Tanque de tintometría,Tintometría,Turno 1 (06-14h),10/03/2025 13.50,,240,J. Ramirez,otro,10,Otro / no especificado,Otro,vacio_o_generico,1.0,revisar en proximo mantto,2025-03-10 13:50:00,
363,M-05,Mezcladora 2,Mezclado,Turno 3 (22-06h),30/04/2025 16.05,30/04/2025 19.05,180,A. Rojas,reproceso por viscosidad leve,5,Problema de calidad / reproceso,Calidad,keyword,1.0,,2025-04-30 16:05:00,2025-04-30 19:05:00
364,M-01,Dispersor 1,Molienda,Turno 2 (14-22h),2025-05-01 14:50,01/05/2025 16.50,120,S. Mendez,ver observaciones,10,Otro / no especificado,Otro,vacio_o_generico,1.0,se avisó a supervisor,2025-05-01 14:50:00,2025-05-01 16:50:00
365,M-01,Dispersor 1,Molienda,Turno 1 (06-14h),11-06-2025 15:10,11/06/2025 19:10,240,R. Diaz,Falta de M.P.,3,Falta de materia prima,Insumos,keyword,1.0,"reincidente, ya paso antes",2025-06-11 15:10:00,2025-06-11 19:10:00
366,M-03,Molino de bolas,Molienda,Turno 3 (22-06h),2025-06-07 08:20,07/06/2025 09:05,45,N. Herrera,reproceso por viscosidad en linea A,5,Problema de calidad / reproceso,Calidad,keyword,1.0,"reincidente, ya paso antes",2025-06-07 08:20:00,2025-06-07 09:05:00
367,M-08,Filtro prensa,Filtrado,Turno 2 (14-22h),16/02/25 16:00,16/02/2025 17:00,60,N. Herrera,fuera de rango de calidad,5,Problema de calidad / reproceso,Calidad,keyword,1.0,,2025-02-16 16:00:00,2025-02-16 17:00:00
368,M-10,Etiquetadora,Envasado,Turno 3 (22-06h),30/03/2025 01.20,30/03/2025 01:35,15,S. Mendez,falta operario turno,4,Falta de personal / operario,Personal,keyword,1.0,se resolvio en el momento,2025-03-30 01:20:00,2025-03-30 01:35:00
369,M-09,Tanque de tintometría,Tintometría,Turno 1 (06-14h),22/04/2025 00.20,22/04/25 02:20,120,F. Castro,cambio de envase,6,Cambio de formato / setup,Planificado,keyword,1.0,,2025-04-22 00:20:00,2025-04-22 02:20:00
370,M-05,Mezcladora 2,Mezclado,Turno 1 (06-14h),10/03/2025 03.20,10/03/25 07:20,240,L. Fernandez,lubricacion general,8,Mantenimiento preventivo,Planificado,keyword,1.0,"reincidente, ya paso antes",2025-03-10 03:20:00,2025-03-10 07:20:00
371,M-02,Dispersor 2,Molienda,Turno 2 (14-22h),2025-01-04 13:05,04/01/2025 16:05,180,P. Alvarez,REVISION PERIODICA,8,Mantenimiento preventivo,Planificado,keyword,1.0,se avisó a supervisor,2025-01-04 13:05:00,2025-01-04 16:05:00
372,M-04,Mezcladora 1,Mezclado,Turno 1 (06-14h),03/06/2025 20:05,03/06/2025 20:20,15,C. Gomez,FALTA DE MATERIA PRIMA,3,Falta de materia prima,Insumos,keyword,1.0,"reincidente, ya paso antes",2025-06-03 20:05:00,2025-06-03 20:20:00
373,M-08,Filtro prensa,Filtrado,Turno 2 (14-22h),12-03-2025 13:30,2025-03-12 14:15,45,R. Diaz,"problema  electrico, se llamo a electricista",2,Falla eléctrica,Eléctrico,keyword,1.0,queda pendiente repuesto,2025-03-12 13:30:00,2025-03-12 14:15:00
374,M-08,Filtro prensa,Filtrado,Turno 3 (22-06h),21/02/2025 19:40,21/02/25 20:00,20,F. Castro,sin insumo pigmento,3,Falta de materia prima,Insumos,keyword,1.0,,2025-02-21 19:40:00,2025-02-21 20:00:00
375,M-08,Filtro prensa,Filtrado,Turno 2 (14-22h),05/01/2025 15.10,05/01/2025 15:20,10,R. Diaz,REPROCESO PH EN LINEA A,5,Problema de calidad / reproceso,Calidad,keyword,1.0,revisar en proximo mantto,2025-01-05 15:10:00,2025-01-05 15:20:00
376,M-07,Envasadora línea B,Envasado,Turno 2 (14-22h),18-01-2025 17:15,18/01/25 17:25,10,A. Rojas,falta insumo (solvente),3,Falta de materia prima,Insumos,keyword,1.0,requiere seguimiento,2025-01-18 17:15:00,2025-01-18 17:25:00
377,M-06,Envasadora línea A,Envasado,Turno 3 (22-06h),21/01/25 14:20,2025-01-21 14:50,30,S. Mendez,LIMPIEZA ENTRE LOTES LEVE,7,Limpieza / sanitización,Planificado,keyword,1.0,se avisó a supervisor,2025-01-21 14:20:00,2025-01-21 14:50:00
378,M-04,Mezcladora 1,Mezclado,Turno 3 (22-06h),05-02-2025 01:15,05/02/2025 01.25,10,S. Mendez,"pieza rota, se llamo a mantto",1,Falla mecánica,Mecánico,keyword,1.0,requiere seguimiento,2025-02-05 01:15:00,2025-02-05 01:25:00
379,M-01,Dispersor 1,Molienda,Turno 2 (14-22h),10/01/2025 10.00,10/01/2025 11:00,60,L. Fernandez,reproceso por color no conforme,5,Problema de calidad / reproceso,Calidad,keyword,1.0,requiere seguimiento,2025-01-10 10:00:00,2025-01-10 11:00:00
380,M-01,Dispersor 1,Molienda,Turno 2 (14-22h),01/05/2025 19.00,,30,J. Ramirez,SE QUEMO UN FUSIBLE EN LINEA A,2,Falla eléctrica,Eléctrico,keyword,1.0,,2025-05-01 19:00:00,
381,M-10,Etiquetadora,Envasado,Turno 3 (22-06h),2025-02-26 02:15,26-02-2025 03:45,90,S. Mendez,SE QUEMO UN FUSIBLE EN LINEA A,2,Falla eléctrica,Eléctrico,keyword,1.0,"reincidente, ya paso antes",2025-02-26 02:15:00,2025-02-26 03:45:00
382,M-02,Dispersor 2,Molienda,Turno 1 (06-14h),2025-03-12 04:40,12-03-2025 05:00,20,A. Rojas,cambio de aceite programado,8,Mantenimiento preventivo,Planificado,keyword,1.0,"reincidente, ya paso antes",2025-03-12 04:40:00,2025-03-12 05:00:00
383,M-02,Dispersor 2,Molienda,Turno 3 (22-06h),2025-01-02 00:10,02/01/2025 00.25,15,S. Mendez,"vibracion anormal, se detuvo por precaucion",1,Falla mecánica,Mecánico,keyword,1.0,se resolvio en el momento,2025-01-02 00:10:00,2025-01-02 00:25:00
384,M-03,Molino de bolas,Molienda,Turno 2 (14-22h),06/06/25 22:00,2025-06-07 02:00,240,N. Herrera,ajuste de maquina para nuevo lote,6,Cambio de formato / setup,Planificado,keyword,1.0,se avisó a supervisor,2025-06-06 22:00:00,2025-06-07 02:00:00
385,M-10,Etiquetadora,Envasado,Turno 1 (06-14h),2025-04-03 17:50,03/04/25 18:20,30,L. Fernandez,falta insumo (solvente) en linea A,3,Falta de materia prima,Insumos,keyword,1.0,,2025-04-03 17:50:00,2025-04-03 18:20:00
386,M-06,Envasadora línea A,Envasado,Turno 3 (22-06h),2025-03-14 06:40,14-03-2025 07:25,45,A. Rojas,correccion de formula  leve,5,Problema de calidad / reproceso,Calidad,keyword,1.0,,2025-03-14 06:40:00,2025-03-14 07:25:00
387,M-08,Filtro prensa,Filtrado,Turno 2 (14-22h),2025-06-01 18:30,2025-06-01 20:00,90,P. Alvarez,FALLA ELECTRICA,2,Falla eléctrica,Eléctrico,keyword,1.0,,2025-06-01 18:30:00,2025-06-01 20:00:00
388,M-04,Mezcladora 1,Mezclado,Turno 2 (14-22h),2025-01-19 15:45,19/01/25 15:55,10,N. Herrera,falla mecánica en el eje,1,Falla mecánica,Mecánico,keyword,1.0,queda pendiente repuesto,2025-01-19 15:45:00,2025-01-19 15:55:00
389,M-03,Molino de bolas,Molienda,Turno 2 (14-22h),2025-01-09 22:00,2025-01-09 22:45,45,A. Rojas,"lote no cumple especificacion, se detiene",5,Problema de calidad / reproceso,Calidad,keyword,1.0,,2025-01-09 22:00:00,2025-01-09 22:45:00
390,M-10,Etiquetadora,Envasado,Turno 2 (14-22h),22/05/2025 07:05,22/05/2025 08.35,90,L. Fernandez,limpieza fin de turno leve,7,Limpieza / sanitización,Planificado,keyword,1.0,se resolvio en el momento,2025-05-22 07:05:00,2025-05-22 08:35:00
391,M-10,Etiquetadora,Envasado,Turno 1 (06-14h),08/02/25 18:00,08/02/2025 19:30,90,A. Rojas,falta operario turno (2da vez esta semana),4,Falta de personal / operario,Personal,keyword,1.0,requiere seguimiento,2025-02-08 18:00:00,2025-02-08 19:30:00
392,M-08,Filtro prensa,Filtrado,Turno 2 (14-22h),07-05-2025 07:05,07/05/2025 10:05,180,S. Mendez,"detenido, esperando definicion",9,Espera de instrucciones / planificación,Planificado,keyword,1.0,,2025-05-07 07:05:00,2025-05-07 10:05:00
393,M-10,Etiquetadora,Envasado,Turno 3 (22-06h),30/05/25 00:45,2025-05-30 02:45,120,S. Mendez,setup cambio de producto leve,6,Cambio de formato / setup,Planificado,keyword,1.0,revisar en proximo mantto,2025-05-30 00:45:00,2025-05-30 02:45:00
394,M-05,Mezcladora 2,Mezclado,Turno 3 (22-06h),20/04/2025 08:50,2025-04-20 12:50,240,M. Torres,Falta de MP,3,Falta de materia prima,Insumos,keyword,1.0,revisar en proximo mantto,2025-04-20 08:50:00,2025-04-20 12:50:00
395,M-10,Etiquetadora,Envasado,Turno 1 (06-14h),11-01-2025 11:30,11/01/2025 11.50,20,F. Castro,SIN PROGRAMA DE PRODUCCION,9,Espera de instrucciones / planificación,Planificado,keyword,1.0,,2025-01-11 11:30:00,2025-01-11 11:50:00
396,M-04,Mezcladora 1,Mezclado,Turno 2 (14-22h),27/02/25 10:30,27/02/2025 11.15,45,R. Diaz,ajustes previos al nuevo lote (2da vez esta semana),6,Cambio de formato / setup,Planificado,keyword,1.0,revisar en proximo mantto,2025-02-27 10:30:00,2025-02-27 11:15:00
397,M-09,Tanque de tintometría,Tintometría,Turno 1 (06-14h),16-03-2025 14:30,2025-03-16 14:45,15,A. Rojas,REPROCESO POR COLOR NO CONFORME,5,Problema de calidad / reproceso,Calidad,keyword,1.0,queda pendiente repuesto,2025-03-16 14:30:00,2025-03-16 14:45:00
398,M-04,Mezcladora 1,Mezclado,Turno 2 (14-22h),14/05/25 20:00,14/05/25 20:45,45,F. Castro,rotura de rodamiento en linea A,1,Falla mecánica,Mecánico,keyword,1.0,se resolvio en el momento,2025-05-14 20:00:00,2025-05-14 20:45:00
399,M-04,Mezcladora 1,Mezclado,Turno 3 (22-06h),14/05/25 20:30,14/05/2025 22.00,90,P. Alvarez,PRODUCTO FUERA DE ESPECIFICACION,5,Problema de calidad / reproceso,Calidad,keyword,1.0,requiere seguimiento,2025-05-14 20:30:00,2025-05-14 22:00:00
400,M-05,Mezcladora 2,Mezclado,Turno 3 (22-06h),2025-02-28 15:30,28/02/2025 16:15,45,R. Diaz,reproceso ph,5,Problema de calidad / reproceso,Calidad,keyword,1.0,,2025-02-28 15:30:00,2025-02-28 16:15:00
